,video
0,sintel_trailer_2k_480p24.y4m
1,crowd_run_1080p50.y4m
2,deadline_cif.y4m
3,soccer_4cif.y4m
4,blue_sky_1080p25.y4m
5,720p50_parkrun_ter.y4m
6,FourPeople_1280x720_60.y4m
7,bridge_far_cif.y4m
8,claire_qcif.y4m
9,flower_sif.y4m
10,football_cif.y4m
11,husky_cif.y4m
12,ice_cif.y4m
13,riverbed_1080p25.y4m
14,sunflower_1080p25.y4m
15,tennis_sif.y4m
16,bridge_close_cif.y4m
17,ducks_take_off_420_720p50.y4m
18,mobile_sif.y4m
19,tractor_1080p25.y4m
20,akiyo_qcif.y4m
21,football_cif_15fps.y4m
22,students_cif.y4m
23,waterfall_cif.y4m
24,Netflix_Boat_4096x2160_60fps_8bit_420.y4m
