FILENAME,perf_group
Animation_1080P-01b3,2
Animation_1080P-05f8,0
Animation_1080P-0c4f,3
Animation_1080P-0cdf,0
Animation_1080P-18f5,0
Animation_1080P-209f,2
Animation_1080P-21dd,2
Animation_1080P-2fbe,0
Animation_1080P-2fff,0
Animation_1080P-3d67,0
Animation_1080P-3dbf,3
Animation_1080P-3e01,3
Animation_1080P-4214,2
Animation_1080P-4be3,1
Animation_1080P-4ea8,1
Animation_1080P-5083,1
Animation_1080P-58d3,2
Animation_1080P-5dd8,2
Animation_1080P-646f,3
Animation_1080P-66ba,2
Animation_1080P-6a33,1
Animation_1080P-6ec0,1
Animation_1080P-7f27,2
Animation_2160P-41dc,0
Animation_2160P-6f3b,2
Animation_360P-08c9,3
Animation_360P-188f,3
Animation_360P-24d4,3
Animation_360P-3e40,0
Animation_360P-3e52,2
Animation_360P-47cc,3
Animation_360P-4b4c,3
Animation_360P-4edc,3
Animation_360P-5712,3
Animation_360P-5de0,3
Animation_360P-631c,3
Animation_360P-69e0,3
Animation_360P-7856,2
Animation_360P-794f,3
Animation_480P-046c,3
Animation_480P-0529,3
Animation_480P-073c,2
Animation_480P-087e,1
Animation_480P-08a5,0
Animation_480P-0d04,2
Animation_480P-1da7,0
Animation_480P-35ee,3
Animation_480P-3e06,2
Animation_480P-3fdf,0
Animation_480P-4b80,3
Animation_480P-4b86,2
Animation_480P-4e36,2
Animation_480P-52af,2
Animation_480P-66c0,2
Animation_480P-6e23,3
Animation_480P-6ef6,2
Animation_480P-6ff4,0
Animation_480P-70d4,2
Animation_480P-7114,1
Animation_480P-791b,2
Animation_480P-7a31,0
Animation_480P-7ef2,2
Animation_720P-0116,3
Animation_720P-01b3,0
Animation_720P-06a6,0
Animation_720P-0acc,1
Animation_720P-0c8f,1
Animation_720P-13b7,2
Animation_720P-1a6d,3
Animation_720P-2525,2
Animation_720P-26d2,0
Animation_720P-2abf,0
Animation_720P-3adc,2
Animation_720P-412a,2
Animation_720P-41cf,2
Animation_720P-41d6,0
Animation_720P-4268,3
Animation_720P-431c,1
Animation_720P-4b17,2
Animation_720P-57d9,3
Animation_720P-5bfc,0
Animation_720P-620f,1
Animation_720P-6372,0
Animation_720P-79ee,3
Animation_720P-7b29,3
Animation_720P-7e7d,0
Animation_720P-7ff2,0
CoverSong_1080P-0188,0
CoverSong_1080P-033d,0
CoverSong_1080P-0a86,2
CoverSong_1080P-0cdc,1
CoverSong_1080P-0f33,1
CoverSong_1080P-0f3a,0
CoverSong_1080P-1963,2
CoverSong_1080P-1b08,2
CoverSong_1080P-1b0c,1
CoverSong_1080P-2207,0
CoverSong_1080P-237f,0
CoverSong_1080P-3409,3
CoverSong_1080P-3499,0
CoverSong_1080P-3aac,3
CoverSong_1080P-3df8,2
CoverSong_1080P-4bad,0
CoverSong_1080P-5430,3
CoverSong_1080P-5456,1
CoverSong_1080P-5cae,1
CoverSong_1080P-5e69,1
CoverSong_1080P-5f92,2
CoverSong_1080P-6f26,0
CoverSong_360P-0a9d,2
CoverSong_360P-0aa2,2
CoverSong_360P-11f9,3
CoverSong_360P-13d2,2
CoverSong_360P-14b9,2
CoverSong_360P-1b2b,3
CoverSong_360P-2146,2
CoverSong_360P-2b4d,3
CoverSong_360P-3218,0
CoverSong_360P-4add,2
CoverSong_360P-53a6,3
CoverSong_360P-59d1,2
CoverSong_360P-5a24,2
CoverSong_360P-5d20,1
CoverSong_360P-67ec,2
CoverSong_360P-69ef,2
CoverSong_360P-6d6a,2
CoverSong_360P-6da7,2
CoverSong_480P-0170,0
CoverSong_480P-1019,3
CoverSong_480P-1109,1
CoverSong_480P-2142,2
CoverSong_480P-2207,0
CoverSong_480P-2711,1
CoverSong_480P-2d2c,0
CoverSong_480P-3076,1
CoverSong_480P-35e1,0
CoverSong_480P-3e4b,2
CoverSong_480P-3e92,0
CoverSong_480P-3f3b,1
CoverSong_480P-41a5,2
CoverSong_480P-4d34,3
CoverSong_480P-53f4,3
CoverSong_480P-59f2,2
CoverSong_480P-5b62,3
CoverSong_480P-60a6,3
CoverSong_480P-64d0,3
CoverSong_480P-6c3e,3
CoverSong_480P-6c50,1
CoverSong_480P-7443,2
CoverSong_480P-7f6d,1
CoverSong_720P-014c,2
CoverSong_720P-01a1,2
CoverSong_720P-0239,1
CoverSong_720P-05d6,0
CoverSong_720P-10f1,0
CoverSong_720P-1393,2
CoverSong_720P-2d05,0
CoverSong_720P-3dca,0
CoverSong_720P-4006,0
CoverSong_720P-449f,3
CoverSong_720P-5689,0
CoverSong_720P-5ba2,1
CoverSong_720P-60d3,2
CoverSong_720P-6626,1
CoverSong_720P-6ae4,1
CoverSong_720P-6b8c,0
CoverSong_720P-6d6a,0
CoverSong_720P-6d81,1
CoverSong_720P-7360,2
CoverSong_720P-7539,0
Gaming_1080P-0a5b,3
Gaming_1080P-0ce6,0
Gaming_1080P-0ef8,1
Gaming_1080P-12d4,0
Gaming_1080P-13e3,3
Gaming_1080P-1704,0
Gaming_1080P-173a,1
Gaming_1080P-190d,0
Gaming_1080P-2221,0
Gaming_1080P-223e,2
Gaming_1080P-26dc,0
Gaming_1080P-277c,3
Gaming_1080P-2927,3
Gaming_1080P-29b1,2
Gaming_1080P-2e97,3
Gaming_1080P-35fa,1
Gaming_1080P-3a9d,3
Gaming_1080P-3bf7,1
Gaming_1080P-3d58,0
Gaming_1080P-44c4,0
Gaming_1080P-45af,0
Gaming_1080P-45fc,1
Gaming_1080P-4865,2
Gaming_1080P-51fc,3
Gaming_1080P-55ac,0
Gaming_1080P-564e,0
Gaming_1080P-57ca,0
Gaming_1080P-58ba,1
Gaming_1080P-592a,0
Gaming_1080P-5ae7,1
Gaming_1080P-6530,0
Gaming_1080P-6578,3
Gaming_1080P-66d2,0
Gaming_1080P-698a,3
Gaming_1080P-6d53,3
Gaming_1080P-6db2,3
Gaming_1080P-6dc6,0
Gaming_1080P-6e45,0
Gaming_1080P-71a5,0
Gaming_1080P-72c8,0
Gaming_1080P-777b,0
Gaming_1080P-7a1e,3
Gaming_2160P-2436,2
Gaming_2160P-28de,2
Gaming_2160P-2b92,1
Gaming_2160P-2cb1,0
Gaming_2160P-2dc4,1
Gaming_2160P-3002,1
Gaming_2160P-31f6,3
Gaming_2160P-348d,3
Gaming_2160P-34a1,1
Gaming_2160P-387f,2
Gaming_2160P-3a25,2
Gaming_2160P-3aec,3
Gaming_2160P-3ce4,2
Gaming_2160P-4139,2
Gaming_2160P-416f,0
Gaming_2160P-4258,1
Gaming_2160P-5c33,1
Gaming_2160P-5c53,2
Gaming_2160P-673d,1
Gaming_2160P-67b0,2
Gaming_2160P-6bb6,2
Gaming_2160P-6cd8,1
Gaming_2160P-7e80,1
Gaming_2160P-7ff0,2
Gaming_360P-043e,3
Gaming_360P-0b98,0
Gaming_360P-187a,3
Gaming_360P-2141,2
Gaming_360P-215f,2
Gaming_360P-2164,0
Gaming_360P-21d2,3
Gaming_360P-2330,3
Gaming_360P-279f,2
Gaming_360P-2f99,0
Gaming_360P-3794,3
Gaming_360P-3a6b,0
Gaming_360P-3eb6,3
Gaming_360P-48b0,3
Gaming_360P-4f09,0
Gaming_360P-5635,1
Gaming_360P-56fe,0
Gaming_360P-586d,3
Gaming_360P-5e0f,3
Gaming_360P-6207,0
Gaming_360P-63e6,0
Gaming_360P-7007,3
Gaming_360P-73c7,0
Gaming_360P-7975,3
Gaming_360P-7acb,3
Gaming_480P-0109,2
Gaming_480P-062e,1
Gaming_480P-09ab,0
Gaming_480P-0a03,0
Gaming_480P-0a30,3
Gaming_480P-0d23,0
Gaming_480P-0dbc,0
Gaming_480P-14fc,0
Gaming_480P-1542,0
Gaming_480P-20ca,0
Gaming_480P-3a44,0
Gaming_480P-445b,3
Gaming_480P-4560,3
Gaming_480P-5a5a,3
Gaming_480P-61ee,3
Gaming_480P-626a,3
Gaming_480P-6491,0
Gaming_480P-6548,0
Gaming_480P-6a5a,3
Gaming_480P-6c92,3
Gaming_480P-6cdc,0
Gaming_480P-6d1e,3
Gaming_480P-6f4b,3
Gaming_480P-75f7,3
Gaming_480P-7893,0
Gaming_480P-7a08,3
Gaming_480P-7ccb,3
Gaming_480P-7e76,0
Gaming_720P-0fba,3
Gaming_720P-0fdb,2
Gaming_720P-1035,2
Gaming_720P-103a,0
Gaming_720P-1cbb,0
Gaming_720P-221d,3
Gaming_720P-25aa,3
Gaming_720P-2dbe,3
Gaming_720P-312f,3
Gaming_720P-324d,1
Gaming_720P-3524,3
Gaming_720P-40b2,0
Gaming_720P-469a,0
Gaming_720P-4813,0
Gaming_720P-493e,3
Gaming_720P-4cda,3
Gaming_720P-5973,0
Gaming_720P-5ba2,0
Gaming_720P-6403,3
Gaming_720P-64b0,0
Gaming_720P-6625,3
Gaming_720P-6658,3
Gaming_720P-6a45,3
Gaming_720P-7afd,1
HDR_1080P-0d31,1
HDR_1080P-13eb,1
HDR_1080P-1be2,1
HDR_1080P-1e5b,1
HDR_1080P-206d,2
HDR_1080P-282a,1
HDR_1080P-2d32,3
HDR_1080P-3181,2
HDR_1080P-33e3,2
HDR_1080P-3521,1
HDR_1080P-35f4,1
HDR_1080P-3749,2
HDR_1080P-3a4a,2
HDR_1080P-46a4,1
HDR_1080P-49d6,1
HDR_1080P-4f4a,3
HDR_1080P-548b,1
HDR_1080P-549e,2
HDR_1080P-55c4,2
HDR_1080P-601b,1
HDR_1080P-687e,1
HDR_1080P-68c8,1
HDR_1080P-69de,3
HDR_1080P-6eb7,1
HDR_1080P-7825,3
HDR_2160P-06ae,0
HDR_2160P-0e7a,1
HDR_2160P-15e2,1
HDR_2160P-1743,3
HDR_2160P-1e9e,1
HDR_2160P-2a72,3
HDR_2160P-351f,1
HDR_2160P-3663,1
HDR_2160P-382f,3
HDR_2160P-3bf1,3
HDR_2160P-40ab,1
HDR_2160P-4348,1
HDR_2160P-4581,1
HDR_2160P-4dcd,1
HDR_2160P-51ea,1
HDR_2160P-5275,0
HDR_2160P-5926,0
HDR_2160P-5c86,2
HDR_2160P-5cdf,1
HDR_2160P-5e25,3
HDR_2160P-664d,1
HDR_2160P-6c6e,2
HDR_2160P-6ed1,1
HDR_2160P-6eeb,2
HDR_2160P-6fa4,2
HDR_2160P-6fab,3
HDR_2160P-70ca,3
HowTo_1080P-0267,3
HowTo_1080P-03fd,1
HowTo_1080P-13aa,3
HowTo_1080P-1f3b,2
HowTo_1080P-36a9,2
HowTo_1080P-4d7b,0
HowTo_1080P-52bb,3
HowTo_1080P-55d1,3
HowTo_1080P-63b4,2
HowTo_1080P-63e4,3
HowTo_1080P-63ec,0
HowTo_1080P-64f7,3
HowTo_1080P-6cbf,2
HowTo_1080P-7399,2
HowTo_1080P-763c,2
HowTo_1080P-7cf2,3
HowTo_1080P-7f18,1
HowTo_1080P-7f4c,2
HowTo_360P-041c,3
HowTo_360P-0562,2
HowTo_360P-06be,2
HowTo_360P-09f8,0
HowTo_360P-127f,0
HowTo_360P-1823,3
HowTo_360P-18e7,2
HowTo_360P-1dba,1
HowTo_360P-2074,2
HowTo_360P-2a3b,2
HowTo_360P-2d35,2
HowTo_360P-2fd5,1
HowTo_360P-3aa6,3
HowTo_360P-4276,2
HowTo_360P-4e4c,2
HowTo_360P-55e9,0
HowTo_360P-5da7,0
HowTo_360P-6093,2
HowTo_360P-6a0e,3
HowTo_360P-7083,1
HowTo_360P-7dcd,2
HowTo_360P-7fb1,2
HowTo_480P-04f1,0
HowTo_480P-0cb3,2
HowTo_480P-0d00,0
HowTo_480P-0eb3,3
HowTo_480P-118d,1
HowTo_480P-15c1,0
HowTo_480P-187c,2
HowTo_480P-221e,2
HowTo_480P-2610,2
HowTo_480P-32c9,2
HowTo_480P-3435,0
HowTo_480P-4332,3
HowTo_480P-470b,3
HowTo_480P-48ac,0
HowTo_480P-4948,2
HowTo_480P-4a28,3
HowTo_480P-4b6a,2
HowTo_480P-4c99,3
HowTo_480P-56a5,0
HowTo_480P-5a3c,1
HowTo_480P-60b3,2
HowTo_480P-63a2,3
HowTo_480P-64a2,0
HowTo_480P-7579,3
HowTo_480P-7c11,3
HowTo_720P-017a,2
HowTo_720P-06eb,2
HowTo_720P-0a67,0
HowTo_720P-0b01,0
HowTo_720P-0c47,0
HowTo_720P-111e,0
HowTo_720P-12f7,1
HowTo_720P-21c6,1
HowTo_720P-269e,3
HowTo_720P-2cc6,2
HowTo_720P-37d0,2
HowTo_720P-3813,0
HowTo_720P-3a5d,3
HowTo_720P-479b,0
HowTo_720P-483c,0
HowTo_720P-4d55,0
HowTo_720P-4d9e,2
HowTo_720P-6323,3
HowTo_720P-6791,3
HowTo_720P-7782,0
HowTo_720P-7878,3
HowTo_720P-7c38,3
Lecture_1080P-011f,2
Lecture_1080P-0201,0
Lecture_1080P-0c8a,1
Lecture_1080P-1709,3
Lecture_1080P-1969,2
Lecture_1080P-1b5f,1
Lecture_1080P-1daf,2
Lecture_1080P-238b,3
Lecture_1080P-280a,1
Lecture_1080P-2b11,1
Lecture_1080P-3077,1
Lecture_1080P-3ce0,3
Lecture_1080P-3cf3,3
Lecture_1080P-3dc4,1
Lecture_1080P-412e,1
Lecture_1080P-454c,2
Lecture_1080P-4991,3
Lecture_1080P-5083,1
Lecture_1080P-50a2,1
Lecture_1080P-51b8,1
Lecture_1080P-547b,1
Lecture_1080P-5d58,1
Lecture_1080P-6089,3
Lecture_1080P-73d5,3
Lecture_360P-03bc,2
Lecture_360P-051a,2
Lecture_360P-114f,2
Lecture_360P-20c3,3
Lecture_360P-2276,2
Lecture_360P-27db,3
Lecture_360P-2c55,2
Lecture_360P-2d1f,1
Lecture_360P-30eb,3
Lecture_360P-311d,3
Lecture_360P-3590,0
Lecture_360P-44c2,1
Lecture_360P-4bb4,2
Lecture_360P-4f00,3
Lecture_360P-506c,2
Lecture_360P-5594,0
Lecture_360P-5779,2
Lecture_360P-5aea,2
Lecture_360P-5d0a,2
Lecture_360P-6656,1
Lecture_360P-6702,2
Lecture_360P-6d29,0
Lecture_360P-7550,3
Lecture_360P-7a57,2
Lecture_360P-7f7e,3
Lecture_480P-02f2,1
Lecture_480P-11df,2
Lecture_480P-181a,1
Lecture_480P-1ec3,2
Lecture_480P-2513,3
Lecture_480P-2655,3
Lecture_480P-2ed0,1
Lecture_480P-369f,3
Lecture_480P-3bdc,2
Lecture_480P-41b7,3
Lecture_480P-4272,2
Lecture_480P-42c3,2
Lecture_480P-4bc3,0
Lecture_480P-4c86,2
Lecture_480P-5aee,0
Lecture_480P-5cd7,3
Lecture_480P-5f3a,3
Lecture_480P-6191,2
Lecture_480P-6b1e,2
Lecture_480P-71c0,3
Lecture_480P-71d6,3
Lecture_480P-7205,2
Lecture_480P-73f6,2
Lecture_480P-74cf,2
Lecture_480P-74ea,1
Lecture_480P-7d77,3
Lecture_480P-7e55,0
Lecture_480P-7eec,2
Lecture_720P-003a,3
Lecture_720P-07e0,3
Lecture_720P-094d,2
Lecture_720P-0f64,2
Lecture_720P-1033,1
Lecture_720P-10bc,3
Lecture_720P-11e7,1
Lecture_720P-1e62,1
Lecture_720P-1f22,3
Lecture_720P-2442,2
Lecture_720P-26df,2
Lecture_720P-2b0f,2
Lecture_720P-2f38,3
Lecture_720P-2f8c,2
Lecture_720P-3b7f,1
Lecture_720P-3f9f,0
Lecture_720P-4c87,1
Lecture_720P-50b9,3
Lecture_720P-5120,3
Lecture_720P-53a1,2
Lecture_720P-5725,3
Lecture_720P-5c7e,2
Lecture_720P-6016,1
Lecture_720P-6951,0
Lecture_720P-7189,2
Lecture_720P-7dcf,2
Lecture_720P-7e40,2
LiveMusic_1080P-14af,3
LiveMusic_1080P-157b,3
LiveMusic_1080P-1ace,2
LiveMusic_1080P-21dd,0
LiveMusic_1080P-28fe,0
LiveMusic_1080P-2930,0
LiveMusic_1080P-2b7a,3
LiveMusic_1080P-2f7f,3
LiveMusic_1080P-3549,0
LiveMusic_1080P-3e1a,2
LiveMusic_1080P-3f95,3
LiveMusic_1080P-48d5,0
LiveMusic_1080P-514e,1
LiveMusic_1080P-51f6,3
LiveMusic_1080P-541f,0
LiveMusic_1080P-59b3,1
LiveMusic_1080P-6b1c,3
LiveMusic_1080P-6bbe,3
LiveMusic_1080P-6d1a,2
LiveMusic_1080P-6fe2,0
LiveMusic_1080P-77e8,1
LiveMusic_1080P-7948,3
LiveMusic_1080P-7ead,1
LiveMusic_360P-121f,0
LiveMusic_360P-1d94,3
LiveMusic_360P-22c5,3
LiveMusic_360P-2508,0
LiveMusic_360P-265c,1
LiveMusic_360P-2b0f,2
LiveMusic_360P-3979,1
LiveMusic_360P-3b96,1
LiveMusic_360P-3be0,2
LiveMusic_360P-405c,3
LiveMusic_360P-48d5,0
LiveMusic_360P-5281,0
LiveMusic_360P-54d0,2
LiveMusic_360P-5b57,2
LiveMusic_360P-6266,3
LiveMusic_360P-6640,3
LiveMusic_360P-6a65,0
LiveMusic_360P-7483,3
LiveMusic_480P-0638,2
LiveMusic_480P-1a91,0
LiveMusic_480P-2019,3
LiveMusic_480P-2a5e,0
LiveMusic_480P-331a,3
LiveMusic_480P-34be,3
LiveMusic_480P-38f3,0
LiveMusic_480P-3d03,0
LiveMusic_480P-427e,0
LiveMusic_480P-459c,0
LiveMusic_480P-474a,1
LiveMusic_480P-4c3a,3
LiveMusic_480P-4f88,0
LiveMusic_480P-559d,3
LiveMusic_480P-58fb,3
LiveMusic_480P-61ef,3
LiveMusic_480P-636e,3
LiveMusic_480P-6542,0
LiveMusic_480P-65ca,3
LiveMusic_720P-0cd5,2
LiveMusic_720P-0d9f,0
LiveMusic_720P-2620,0
LiveMusic_720P-267b,0
LiveMusic_720P-289b,1
LiveMusic_720P-3320,3
LiveMusic_720P-4ae2,1
LiveMusic_720P-58db,0
LiveMusic_720P-6343,3
LiveMusic_720P-6452,3
LiveMusic_720P-653e,2
LiveMusic_720P-65f6,2
LiveMusic_720P-66df,3
LiveMusic_720P-71c5,3
LyricVideo_1080P-0075,0
LyricVideo_1080P-0625,3
LyricVideo_1080P-11f0,0
LyricVideo_1080P-12af,3
LyricVideo_1080P-16b6,3
LyricVideo_1080P-1b04,0
LyricVideo_1080P-1d75,1
LyricVideo_1080P-23db,0
LyricVideo_1080P-28e8,1
LyricVideo_1080P-2946,2
LyricVideo_1080P-3803,2
LyricVideo_1080P-3b60,2
LyricVideo_1080P-41ee,1
LyricVideo_1080P-4b40,0
LyricVideo_1080P-5461,1
LyricVideo_1080P-584f,3
LyricVideo_1080P-5a1f,1
LyricVideo_1080P-63d4,2
LyricVideo_1080P-63d9,2
LyricVideo_1080P-725e,2
LyricVideo_1080P-756a,2
LyricVideo_360P-0ac7,0
LyricVideo_360P-17ce,2
LyricVideo_360P-3afc,2
LyricVideo_360P-5868,2
LyricVideo_360P-5b54,2
LyricVideo_360P-5e87,3
LyricVideo_360P-7fb1,2
LyricVideo_480P-0722,3
LyricVideo_480P-0a5b,2
LyricVideo_480P-0f72,0
LyricVideo_480P-1484,0
LyricVideo_480P-200a,2
LyricVideo_480P-2c50,3
LyricVideo_480P-3b2c,0
LyricVideo_480P-3ccf,3
LyricVideo_480P-4346,3
LyricVideo_480P-51e4,1
LyricVideo_480P-5c17,3
LyricVideo_480P-6385,3
LyricVideo_480P-6fca,0
LyricVideo_480P-7919,2
LyricVideo_720P-068d,3
LyricVideo_720P-081c,0
LyricVideo_720P-0940,3
LyricVideo_720P-09ed,0
LyricVideo_720P-0ae4,0
LyricVideo_720P-1c89,2
LyricVideo_720P-2d24,3
LyricVideo_720P-36fb,1
LyricVideo_720P-4253,2
LyricVideo_720P-47a9,3
LyricVideo_720P-59ed,3
LyricVideo_720P-5d3a,2
LyricVideo_720P-6f0c,3
LyricVideo_720P-6fc9,1
LyricVideo_720P-7003,1
LyricVideo_720P-739a,1
LyricVideo_720P-74a0,3
LyricVideo_720P-7f44,1
MusicVideo_1080P-04b6,3
MusicVideo_1080P-0706,3
MusicVideo_1080P-0860,0
MusicVideo_1080P-106d,3
MusicVideo_1080P-16e6,3
MusicVideo_1080P-18f5,0
MusicVideo_1080P-1a53,1
MusicVideo_1080P-24f5,0
MusicVideo_1080P-2b2b,1
MusicVideo_1080P-2d1c,0
MusicVideo_1080P-34ff,0
MusicVideo_1080P-3a50,1
MusicVideo_1080P-453f,3
MusicVideo_1080P-4671,3
MusicVideo_1080P-4b61,2
MusicVideo_1080P-5072,0
MusicVideo_1080P-55af,3
MusicVideo_1080P-59c4,0
MusicVideo_1080P-5f03,1
MusicVideo_1080P-6260,0
MusicVideo_1080P-65c6,1
MusicVideo_1080P-6c1d,0
MusicVideo_1080P-6c88,1
MusicVideo_1080P-6fb1,0
MusicVideo_1080P-7265,1
MusicVideo_1080P-7706,1
MusicVideo_1080P-7736,0
MusicVideo_1080P-7f2e,3
MusicVideo_360P-08cb,0
MusicVideo_360P-17e4,3
MusicVideo_360P-24b0,2
MusicVideo_360P-2fcb,3
MusicVideo_360P-462f,2
MusicVideo_360P-4de7,2
MusicVideo_360P-5358,2
MusicVideo_360P-5578,3
MusicVideo_360P-5699,2
MusicVideo_360P-5f07,3
MusicVideo_360P-5f8d,0
MusicVideo_360P-648c,2
MusicVideo_360P-7b94,3
MusicVideo_480P-001f,3
MusicVideo_480P-0448,2
MusicVideo_480P-12fb,0
MusicVideo_480P-184c,3
MusicVideo_480P-1eee,3
MusicVideo_480P-2de0,3
MusicVideo_480P-3aa2,1
MusicVideo_480P-3c8b,0
MusicVideo_480P-41ce,3
MusicVideo_480P-4802,3
MusicVideo_480P-483b,3
MusicVideo_480P-4cc8,3
MusicVideo_480P-5461,0
MusicVideo_480P-5830,0
MusicVideo_480P-6026,3
MusicVideo_480P-61ba,3
MusicVideo_480P-66b2,1
MusicVideo_480P-6fb6,3
MusicVideo_480P-7643,2
MusicVideo_480P-7955,0
MusicVideo_720P-0355,0
MusicVideo_720P-0752,0
MusicVideo_720P-14f0,1
MusicVideo_720P-2d7d,3
MusicVideo_720P-3698,3
MusicVideo_720P-3b11,2
MusicVideo_720P-3c4c,0
MusicVideo_720P-4179,2
MusicVideo_720P-44c1,3
MusicVideo_720P-4895,2
MusicVideo_720P-4ad2,2
MusicVideo_720P-575d,0
MusicVideo_720P-5c9c,2
MusicVideo_720P-62df,3
MusicVideo_720P-734f,2
MusicVideo_720P-7501,3
MusicVideo_720P-7bcf,1
NewsClip_1080P-00c3,0
NewsClip_1080P-02fd,1
NewsClip_1080P-06df,3
NewsClip_1080P-0abf,0
NewsClip_1080P-1db0,3
NewsClip_1080P-22b3,3
NewsClip_1080P-27fb,0
NewsClip_1080P-2eb0,3
NewsClip_1080P-3427,3
NewsClip_1080P-3c7c,3
NewsClip_1080P-4241,2
NewsClip_1080P-48ae,1
NewsClip_1080P-5b53,1
NewsClip_1080P-5be1,3
NewsClip_1080P-632e,0
NewsClip_1080P-67dc,0
NewsClip_1080P-7816,0
NewsClip_360P-0376,3
NewsClip_360P-0c17,0
NewsClip_360P-0ff8,3
NewsClip_360P-1093,3
NewsClip_360P-12fc,3
NewsClip_360P-1b1c,0
NewsClip_360P-1e1c,3
NewsClip_360P-1eae,2
NewsClip_360P-22ce,0
NewsClip_360P-274e,0
NewsClip_360P-2986,3
NewsClip_360P-2c91,0
NewsClip_360P-311a,3
NewsClip_360P-3451,0
NewsClip_360P-4288,0
NewsClip_360P-439a,3
NewsClip_360P-4417,0
NewsClip_360P-5052,0
NewsClip_360P-5752,0
NewsClip_360P-5bcc,3
NewsClip_360P-5f3b,0
NewsClip_360P-66ae,0
NewsClip_360P-67ce,3
NewsClip_360P-7a96,0
NewsClip_480P-0269,3
NewsClip_480P-0ce5,3
NewsClip_480P-15fa,0
NewsClip_480P-2407,0
NewsClip_480P-2642,2
NewsClip_480P-28eb,3
NewsClip_480P-2b9b,0
NewsClip_480P-2ba7,0
NewsClip_480P-31bd,2
NewsClip_480P-3672,0
NewsClip_480P-36d0,0
NewsClip_480P-4072,2
NewsClip_480P-41b1,3
NewsClip_480P-437c,0
NewsClip_480P-49c9,0
NewsClip_480P-4a9f,3
NewsClip_480P-4e77,3
NewsClip_480P-543f,3
NewsClip_480P-5a3b,0
NewsClip_480P-5e7f,0
NewsClip_480P-606e,2
NewsClip_480P-6615,2
NewsClip_480P-696e,3
NewsClip_480P-6bfa,0
NewsClip_480P-7232,0
NewsClip_480P-72b8,0
NewsClip_480P-7a0d,3
NewsClip_720P-04ba,3
NewsClip_720P-0c81,3
NewsClip_720P-1971,0
NewsClip_720P-2182,0
NewsClip_720P-23e0,0
NewsClip_720P-2882,0
NewsClip_720P-35d9,1
NewsClip_720P-37f7,0
NewsClip_720P-4603,2
NewsClip_720P-4e87,0
NewsClip_720P-5564,0
NewsClip_720P-5787,3
NewsClip_720P-579b,0
NewsClip_720P-5d89,2
NewsClip_720P-6016,0
NewsClip_720P-6106,0
NewsClip_720P-672c,0
NewsClip_720P-6a19,3
NewsClip_720P-6aa6,3
NewsClip_720P-6cde,0
NewsClip_720P-72d2,0
NewsClip_720P-7345,0
NewsClip_720P-739b,3
NewsClip_720P-7745,2
NewsClip_720P-7b7e,0
NewsClip_720P-7b97,1
NewsClip_720P-7c67,2
NewsClip_720P-7e56,1
Sports_1080P-0063,0
Sports_1080P-0640,2
Sports_1080P-08e1,0
Sports_1080P-0d0c,0
Sports_1080P-15d1,0
Sports_1080P-19d8,2
Sports_1080P-1ae3,0
Sports_1080P-1bf7,0
Sports_1080P-1d78,0
Sports_1080P-241e,0
Sports_1080P-2524,0
Sports_1080P-28a6,3
Sports_1080P-2a21,3
Sports_1080P-3a3b,0
Sports_1080P-3db7,3
Sports_1080P-3eb0,2
Sports_1080P-43e2,3
Sports_1080P-46ed,0
Sports_1080P-47e9,0
Sports_1080P-4978,3
Sports_1080P-49c5,1
Sports_1080P-4e05,0
Sports_1080P-53a0,0
Sports_1080P-5d25,0
Sports_1080P-6571,3
Sports_1080P-6710,3
Sports_1080P-679d,2
Sports_1080P-7203,3
Sports_1080P-7584,0
Sports_1080P-76a2,3
Sports_1080P-78fa,0
Sports_1080P-7b51,0
Sports_1080P-7dba,0
Sports_2160P-0455,0
Sports_2160P-086d,2
Sports_2160P-1261,2
Sports_2160P-1733,0
Sports_2160P-1b70,3
Sports_2160P-1ddc,2
Sports_2160P-210c,0
Sports_2160P-2568,1
Sports_2160P-2626,3
Sports_2160P-279f,3
Sports_2160P-2a83,3
Sports_2160P-2e1d,3
Sports_2160P-2eda,0
Sports_2160P-300d,3
Sports_2160P-324e,0
Sports_2160P-3794,1
Sports_2160P-391a,0
Sports_2160P-3a9a,3
Sports_2160P-3d85,0
Sports_2160P-4024,1
Sports_2160P-4201,1
Sports_2160P-49f1,2
Sports_2160P-4aae,1
Sports_2160P-4e9f,0
Sports_2160P-5ef3,0
Sports_2160P-69b9,1
Sports_2160P-6b28,1
Sports_2160P-7165,3
Sports_2160P-7a11,0
Sports_2160P-7af7,2
Sports_2160P-7af8,1
Sports_2160P-7bbe,0
Sports_360P-02c3,0
Sports_360P-0c66,0
Sports_360P-0dda,3
Sports_360P-11b7,3
Sports_360P-1803,0
Sports_360P-1d5c,0
Sports_360P-2725,0
Sports_360P-27b0,0
Sports_360P-2ace,3
Sports_360P-2e48,0
Sports_360P-301d,0
Sports_360P-32d3,0
Sports_360P-3960,3
Sports_360P-3e68,3
Sports_360P-4545,0
Sports_360P-4802,0
Sports_360P-4ad7,3
Sports_360P-50fd,0
Sports_360P-5252,3
Sports_360P-5ded,3
Sports_360P-61f6,3
Sports_360P-65f3,0
Sports_360P-6b4f,0
Sports_360P-6c6f,0
Sports_360P-6f62,3
Sports_360P-7f50,0
Sports_480P-0623,0
Sports_480P-0827,0
Sports_480P-0af9,2
Sports_480P-0bb9,0
Sports_480P-0efe,0
Sports_480P-1019,3
Sports_480P-1056,0
Sports_480P-11ec,0
Sports_480P-1396,0
Sports_480P-19e4,0
Sports_480P-1d1b,0
Sports_480P-1fe9,0
Sports_480P-2053,0
Sports_480P-211f,0
Sports_480P-2dfe,3
Sports_480P-3195,0
Sports_480P-3404,3
Sports_480P-35ea,0
Sports_480P-3ca4,0
Sports_480P-3dfd,2
Sports_480P-3f50,0
Sports_480P-41a5,0
Sports_480P-44e5,0
Sports_480P-4cf8,0
Sports_480P-5224,2
Sports_480P-5871,0
Sports_480P-5f38,2
Sports_480P-6508,2
Sports_480P-6e41,3
Sports_480P-77e3,0
Sports_480P-7f7e,3
Sports_720P-00a1,0
Sports_720P-0104,0
Sports_720P-058f,0
Sports_720P-07d0,1
Sports_720P-0b9e,0
Sports_720P-17fb,0
Sports_720P-2191,3
Sports_720P-2234,0
Sports_720P-2632,3
Sports_720P-2c06,0
Sports_720P-2c80,0
Sports_720P-3072,0
Sports_720P-3338,0
Sports_720P-33c6,3
Sports_720P-38a1,0
Sports_720P-3eb4,2
Sports_720P-3ffe,0
Sports_720P-4b69,0
Sports_720P-4c6f,0
Sports_720P-50cf,0
Sports_720P-531c,3
Sports_720P-5833,2
Sports_720P-5ae1,3
Sports_720P-5bfd,2
Sports_720P-5e39,3
Sports_720P-5ea4,0
Sports_720P-62ba,0
Sports_720P-6365,0
Sports_720P-675b,0
Sports_720P-69a0,3
Sports_720P-6bb7,3
Sports_720P-6d04,0
Sports_720P-7ba7,0
TelevisionClip_1080P-0604,0
TelevisionClip_1080P-3758,2
TelevisionClip_1080P-39e3,0
TelevisionClip_1080P-3b9b,2
TelevisionClip_1080P-3d10,2
TelevisionClip_1080P-3d83,1
TelevisionClip_1080P-3e42,1
TelevisionClip_1080P-401e,3
TelevisionClip_1080P-4c24,0
TelevisionClip_1080P-4c94,1
TelevisionClip_1080P-525d,0
TelevisionClip_1080P-5278,3
TelevisionClip_1080P-5e68,0
TelevisionClip_1080P-6026,2
TelevisionClip_1080P-6282,2
TelevisionClip_1080P-63e6,3
TelevisionClip_1080P-64e2,3
TelevisionClip_1080P-68c6,0
TelevisionClip_1080P-7eff,3
TelevisionClip_360P-0951,2
TelevisionClip_360P-11d5,0
TelevisionClip_360P-29f1,2
TelevisionClip_360P-3b9a,0
TelevisionClip_360P-74dd,0
TelevisionClip_360P-7b23,0
TelevisionClip_480P-09d8,3
TelevisionClip_480P-0d89,0
TelevisionClip_480P-0e46,3
TelevisionClip_480P-19d3,0
TelevisionClip_480P-1b49,0
TelevisionClip_480P-27ca,3
TelevisionClip_480P-280f,2
TelevisionClip_480P-2ead,3
TelevisionClip_480P-30b6,2
TelevisionClip_480P-3284,2
TelevisionClip_480P-3617,3
TelevisionClip_480P-373d,3
TelevisionClip_480P-3c64,2
TelevisionClip_480P-415c,2
TelevisionClip_480P-436c,3
TelevisionClip_480P-4c6b,2
TelevisionClip_480P-59f0,3
TelevisionClip_480P-723e,3
TelevisionClip_720P-1862,2
TelevisionClip_720P-19de,0
TelevisionClip_720P-1b61,2
TelevisionClip_720P-2b20,2
TelevisionClip_720P-31ce,3
TelevisionClip_720P-3f4c,1
TelevisionClip_720P-44d1,2
TelevisionClip_720P-4af1,3
TelevisionClip_720P-4edb,2
TelevisionClip_720P-522a,2
TelevisionClip_720P-5e93,2
TelevisionClip_720P-7c06,2
VR_1080P-0427,3
VR_1080P-04fc,0
VR_1080P-050c,0
VR_1080P-0519,0
VR_1080P-052d,1
VR_1080P-0597,0
VR_1080P-08f0,3
VR_1080P-0f2c,0
VR_1080P-1010,1
VR_1080P-1a9c,3
VR_1080P-1d16,3
VR_1080P-2831,3
VR_1080P-292f,1
VR_1080P-2d91,0
VR_1080P-2f02,3
VR_1080P-313b,0
VR_1080P-384e,0
VR_1080P-38d6,3
VR_1080P-3958,0
VR_1080P-3b63,0
VR_1080P-3d5f,0
VR_1080P-3e1b,0
VR_1080P-3f81,3
VR_1080P-43b2,0
VR_1080P-4aeb,0
VR_1080P-4d74,0
VR_1080P-506a,2
VR_1080P-5667,0
VR_1080P-6093,2
VR_1080P-6261,3
VR_1080P-6501,3
VR_1080P-6cc4,0
VR_1080P-7067,3
VR_1080P-76a2,3
VR_1080P-77eb,0
VR_1080P-7abd,0
VR_2160P-05a6,0
VR_2160P-097e,0
VR_2160P-0ba9,1
VR_2160P-0e03,1
VR_2160P-0edf,1
VR_2160P-12ac,2
VR_2160P-1422,3
VR_2160P-1456,3
VR_2160P-1477,0
VR_2160P-1546,0
VR_2160P-176f,0
VR_2160P-1c15,2
VR_2160P-2227,0
VR_2160P-29c3,3
VR_2160P-2dc9,2
VR_2160P-36ac,2
VR_2160P-3b3a,2
VR_2160P-40af,3
VR_2160P-42fa,2
VR_2160P-4656,0
VR_2160P-4725,0
VR_2160P-5489,0
VR_2160P-5726,0
VR_2160P-5c23,3
VR_2160P-5e5d,1
VR_2160P-613e,0
VR_2160P-6567,0
VR_2160P-674b,0
VR_2160P-6d4f,2
VR_2160P-6d71,2
VR_2160P-779d,2
VR_2160P-7874,0
VR_2160P-7947,2
VR_2160P-7977,0
VR_2160P-7eab,1
VR_720P-00d2,3
VR_720P-063e,3
VR_720P-0641,2
VR_720P-09ae,2
VR_720P-1b9a,3
VR_720P-1dd7,3
VR_720P-23a9,0
VR_720P-32ed,3
VR_720P-3386,3
VR_720P-339f,3
VR_720P-364f,3
VR_720P-380e,0
VR_720P-403e,3
VR_720P-43fc,0
VR_720P-448a,2
VR_720P-557f,3
VR_720P-748e,2
VR_720P-7f3e,0
VerticalVideo_1080P-04d4,3
VerticalVideo_1080P-1105,3
VerticalVideo_1080P-1ac1,3
VerticalVideo_1080P-1c86,1
VerticalVideo_1080P-2195,1
VerticalVideo_1080P-2f00,2
VerticalVideo_1080P-30b0,0
VerticalVideo_1080P-34ba,3
VerticalVideo_1080P-360f,2
VerticalVideo_1080P-3709,3
VerticalVideo_1080P-3a9b,3
VerticalVideo_1080P-3d96,2
VerticalVideo_1080P-4591,1
VerticalVideo_1080P-4925,0
VerticalVideo_1080P-4b92,0
VerticalVideo_1080P-4da5,2
VerticalVideo_1080P-6e19,0
VerticalVideo_1080P-73b6,0
VerticalVideo_1080P-766b,1
VerticalVideo_1080P-7c5c,0
VerticalVideo_1080P-7cf3,1
VerticalVideo_2160P-6d62,1
VerticalVideo_360P-0d29,1
VerticalVideo_360P-1424,0
VerticalVideo_360P-145e,0
VerticalVideo_360P-2bb0,2
VerticalVideo_360P-2fa3,3
VerticalVideo_360P-3936,3
VerticalVideo_360P-3b4e,0
VerticalVideo_360P-42f1,0
VerticalVideo_360P-49de,0
VerticalVideo_360P-52c1,0
VerticalVideo_360P-5429,0
VerticalVideo_360P-54f7,3
VerticalVideo_360P-579c,3
VerticalVideo_360P-634f,3
VerticalVideo_360P-6490,3
VerticalVideo_360P-694d,3
VerticalVideo_360P-6ff2,0
VerticalVideo_360P-70a9,0
VerticalVideo_360P-7ba8,0
VerticalVideo_360P-7ec3,3
VerticalVideo_480P-1bb9,2
VerticalVideo_480P-2aa1,3
VerticalVideo_480P-2fa4,2
VerticalVideo_480P-34b9,1
VerticalVideo_480P-3a6a,0
VerticalVideo_480P-419c,3
VerticalVideo_480P-467e,1
VerticalVideo_480P-5168,0
VerticalVideo_480P-51b7,3
VerticalVideo_480P-550d,2
VerticalVideo_480P-572a,1
VerticalVideo_480P-7278,1
VerticalVideo_480P-729c,2
VerticalVideo_480P-790a,2
VerticalVideo_720P-0750,3
VerticalVideo_720P-0dac,1
VerticalVideo_720P-0f61,2
VerticalVideo_720P-19fa,0
VerticalVideo_720P-1ada,1
VerticalVideo_720P-2efc,3
VerticalVideo_720P-3df7,0
VerticalVideo_720P-42f2,1
VerticalVideo_720P-44de,3
VerticalVideo_720P-456c,2
VerticalVideo_720P-4730,3
VerticalVideo_720P-4ca7,3
VerticalVideo_720P-57eb,3
VerticalVideo_720P-6580,1
VerticalVideo_720P-665d,0
VerticalVideo_720P-669d,2
VerticalVideo_720P-6bf7,0
VerticalVideo_720P-7517,3
VerticalVideo_720P-7859,3
VerticalVideo_720P-7c1d,3
Vlog_1080P-010b,0
Vlog_1080P-04fe,3
Vlog_1080P-1609,1
Vlog_1080P-18da,0
Vlog_1080P-19bb,1
Vlog_1080P-19cc,0
Vlog_1080P-1a53,0
Vlog_1080P-1df9,0
Vlog_1080P-1e70,1
Vlog_1080P-1f0a,1
Vlog_1080P-21f5,3
Vlog_1080P-232f,1
Vlog_1080P-2394,0
Vlog_1080P-23cb,0
Vlog_1080P-25de,1
Vlog_1080P-2600,0
Vlog_1080P-26dc,0
Vlog_1080P-2cda,0
Vlog_1080P-322f,0
Vlog_1080P-34cb,0
Vlog_1080P-35cd,1
Vlog_1080P-3744,2
Vlog_1080P-37cf,3
Vlog_1080P-45c9,1
Vlog_1080P-4921,0
Vlog_1080P-4a91,0
Vlog_1080P-4ba9,3
Vlog_1080P-4f26,3
Vlog_1080P-52fe,3
Vlog_1080P-58ad,1
Vlog_1080P-5904,3
Vlog_1080P-5a19,3
Vlog_1080P-5c65,1
Vlog_1080P-5f28,0
Vlog_1080P-62fc,0
Vlog_1080P-634b,3
Vlog_1080P-64b6,0
Vlog_1080P-6686,3
Vlog_1080P-687a,0
Vlog_1080P-7062,0
Vlog_1080P-75b0,1
Vlog_1080P-7b67,0
Vlog_1080P-7e8c,3
Vlog_2160P-0289,3
Vlog_2160P-030a,3
Vlog_2160P-03a9,2
Vlog_2160P-0577,0
Vlog_2160P-059c,1
Vlog_2160P-09c9,0
Vlog_2160P-0fb2,0
Vlog_2160P-1021,3
Vlog_2160P-11c0,1
Vlog_2160P-13a1,1
Vlog_2160P-13fe,0
Vlog_2160P-19f9,3
Vlog_2160P-1ff6,1
Vlog_2160P-217c,3
Vlog_2160P-255c,3
Vlog_2160P-266c,2
Vlog_2160P-26ef,1
Vlog_2160P-2953,1
Vlog_2160P-2b2d,3
Vlog_2160P-2b61,1
Vlog_2160P-3019,2
Vlog_2160P-310b,0
Vlog_2160P-327a,2
Vlog_2160P-342a,0
Vlog_2160P-3a75,1
Vlog_2160P-408f,3
Vlog_2160P-416c,1
Vlog_2160P-4362,3
Vlog_2160P-4419,0
Vlog_2160P-4655,3
Vlog_2160P-4f98,1
Vlog_2160P-522f,0
Vlog_2160P-56e4,0
Vlog_2160P-5874,1
Vlog_2160P-62b2,3
Vlog_2160P-6629,0
Vlog_2160P-6bf1,1
Vlog_2160P-6f92,2
Vlog_2160P-700c,0
Vlog_2160P-70d6,0
Vlog_2160P-7295,1
Vlog_2160P-7324,0
Vlog_2160P-77d8,1
Vlog_2160P-7b10,3
Vlog_2160P-7b5c,2
Vlog_2160P-7bfb,3
Vlog_2160P-7f05,1
Vlog_2160P-7f9f,1
Vlog_360P-0432,0
Vlog_360P-1e5b,0
Vlog_360P-22a0,1
Vlog_360P-2973,3
Vlog_360P-2e9d,3
Vlog_360P-3121,0
Vlog_360P-3bc2,0
Vlog_360P-433e,3
Vlog_360P-435d,2
Vlog_360P-4697,2
Vlog_360P-4795,1
Vlog_360P-4ad1,3
Vlog_360P-4d71,3
Vlog_360P-5f43,0
Vlog_360P-6279,0
Vlog_360P-7334,3
Vlog_360P-76ae,3
Vlog_360P-7efe,3
Vlog_480P-08c7,3
Vlog_480P-0980,2
Vlog_480P-0ddc,0
Vlog_480P-1b39,3
Vlog_480P-206f,0
Vlog_480P-279d,0
Vlog_480P-2cad,0
Vlog_480P-34ba,2
Vlog_480P-476b,0
Vlog_480P-4beb,0
Vlog_480P-5275,0
Vlog_480P-535d,2
Vlog_480P-59dc,3
Vlog_480P-5a31,0
Vlog_480P-5dfe,3
Vlog_480P-5e1c,0
Vlog_480P-5ebd,0
Vlog_480P-6395,0
Vlog_480P-6c60,1
Vlog_480P-7105,0
Vlog_480P-7237,0
Vlog_480P-7615,0
Vlog_480P-7754,3
Vlog_480P-7d0c,2
Vlog_480P-7ecf,0
Vlog_720P-033a,0
Vlog_720P-03d5,0
Vlog_720P-03f9,0
Vlog_720P-0d79,0
Vlog_720P-1003,0
Vlog_720P-11c5,0
Vlog_720P-135c,0
Vlog_720P-141f,1
Vlog_720P-155f,0
Vlog_720P-2929,0
Vlog_720P-313f,0
Vlog_720P-329f,0
Vlog_720P-32b2,0
Vlog_720P-343d,2
Vlog_720P-372d,0
Vlog_720P-3e9c,2
Vlog_720P-4e3d,0
Vlog_720P-5364,1
Vlog_720P-55b6,0
Vlog_720P-561e,3
Vlog_720P-5d08,0
Vlog_720P-60f8,0
Vlog_720P-6410,1
Vlog_720P-6d56,3
