configurationID,no_8x8dct,no_asm,no_cabac,no_deblock,no_fast_pskip,no_mbtree,no_mixed_refs,no_weightb,rc_lookahead,ref,size,usertime,systemtime,elapsedtime,cpu,frames,fps,kbs
1,True,False,False,True,True,False,True,True,20,9,0,0.00, 0.00, 0:00.00, 100,
1001,False,False,True,True,True,True,True,True,20,1,0,0.00, 0.00, 0:00.00, 100,
1002,True,False,False,False,True,False,True,True,60,5,0,0.00, 0.00, 0:00.00, 100,
1003,False,False,False,True,True,True,False,False,20,9,0,0.00, 0.00, 0:00.00, 100,
1004,False,False,True,False,False,True,True,False,20,9,0,0.00, 0.00, 0:00.00, 100,
1005,True,False,False,True,False,True,False,False,20,1,0,0.00, 0.00, 0:00.00, 100,
1006,False,False,False,False,False,True,True,False,60,5,0,0.00, 0.00, 0:00.00, 100,
1007,True,False,False,True,False,True,False,False,20,5,0,0.00, 0.00, 0:00.00, 100,
1008,True,False,False,False,True,False,False,False,20,1,0,0.00, 0.00, 0:00.00, 100,
1009,False,False,True,True,False,False,True,True,40,9,0,0.00, 0.00, 0:00.00, 100,
1010,False,False,False,False,False,True,True,False,60,1,0,0.00, 0.00, 0:00.00, 100,
101,False,False,True,False,False,True,True,True,40,9,0,0.00, 0.00, 0:00.00, 100,
1011,False,False,False,True,True,True,False,False,20,1,0,0.00, 0.00, 0:00.00, 100,
1012,False,False,True,False,False,True,True,False,20,1,0,0.00, 0.00, 0:00.00, 100,
1013,True,False,False,False,True,False,False,False,20,5,0,0.00, 0.00, 0:00.00, 100,
1014,True,False,False,True,False,True,False,False,20,9,0,0.00, 0.00, 0:00.00, 100,
1015,True,False,False,True,False,True,True,True,40,1,0,0.00, 0.00, 0:00.00, 100,
1016,True,False,True,False,True,True,False,True,40,1,0,0.00, 0.00, 0:00.00, 100,
1017,True,False,True,False,False,False,True,True,20,9,0,0.00, 0.00, 0:00.00, 100,
1018,True,False,False,True,False,True,True,True,40,5,0,0.00, 0.00, 0:00.00, 100,
1019,True,False,True,False,False,False,True,True,20,5,0,0.00, 0.00, 0:00.00, 100,
1020,True,False,True,False,False,True,False,False,20,1,0,0.00, 0.00, 0:00.00, 100,
102,False,False,False,True,False,False,False,False,60,9,0,0.00, 0.00, 0:00.00, 100,
1021,True,False,False,False,True,False,False,False,40,1,0,0.00, 0.00, 0:00.00, 100,
1022,False,False,False,False,True,True,True,False,40,1,0,0.00, 0.00, 0:00.00, 100,
1023,True,False,False,True,False,True,True,True,40,9,0,0.00, 0.00, 0:00.00, 100,
1024,True,False,True,False,True,True,False,True,40,9,0,0.00, 0.00, 0:00.00, 100,
1025,False,False,False,False,True,True,True,False,40,5,0,0.00, 0.00, 0:00.00, 100,
1026,False,False,True,True,True,True,True,True,20,9,0,0.00, 0.00, 0:00.00, 100,
1027,True,False,True,False,True,True,False,True,40,5,0,0.00, 0.00, 0:00.00, 100,
1028,False,False,False,False,True,True,True,False,40,9,0,0.00, 0.00, 0:00.00, 100,
1029,False,False,True,False,True,False,True,True,60,5,0,0.00, 0.00, 0:00.00, 100,
1030,True,False,False,False,False,False,False,False,60,1,0,0.00, 0.00, 0:00.00, 100,
103,True,False,False,True,False,True,False,True,20,5,0,0.00, 0.00, 0:00.00, 100,
1031,False,False,True,True,False,True,False,True,60,5,0,0.00, 0.00, 0:00.00, 100,
1032,False,False,True,False,True,False,True,True,60,1,0,0.00, 0.00, 0:00.00, 100,
1033,True,False,False,False,False,False,False,False,60,5,0,0.00, 0.00, 0:00.00, 100,
1034,True,False,True,False,False,False,True,True,20,1,0,0.00, 0.00, 0:00.00, 100,
1035,True,False,False,False,False,False,False,False,60,9,0,0.00, 0.00, 0:00.00, 100,
1036,True,False,False,True,True,False,False,True,40,5,0,0.00, 0.00, 0:00.00, 100,
1037,False,False,True,True,False,False,False,True,40,1,0,0.00, 0.00, 0:00.00, 100,
1038,True,False,False,True,True,False,False,True,40,1,0,0.00, 0.00, 0:00.00, 100,
1039,False,False,True,True,False,False,False,True,60,9,0,0.00, 0.00, 0:00.00, 100,
1040,True,False,False,False,False,False,True,True,60,1,0,0.00, 0.00, 0:00.00, 100,
104,True,False,True,False,False,False,True,True,60,9,0,0.00, 0.00, 0:00.00, 100,
1041,True,False,False,True,True,False,False,True,20,9,0,0.00, 0.00, 0:00.00, 100,
1042,False,False,True,False,True,True,True,True,60,9,0,0.00, 0.00, 0:00.00, 100,
1043,True,False,True,False,False,False,False,True,60,9,0,0.00, 0.00, 0:00.00, 100,
1044,True,False,False,False,False,False,True,True,60,5,0,0.00, 0.00, 0:00.00, 100,
1045,False,False,True,False,True,False,True,True,20,9,0,0.00, 0.00, 0:00.00, 100,
1046,True,False,False,False,False,False,True,True,60,9,0,0.00, 0.00, 0:00.00, 100,
1047,True,False,True,False,False,False,False,False,20,1,0,0.00, 0.00, 0:00.00, 100,
1048,False,False,True,False,True,False,True,True,20,5,0,0.00, 0.00, 0:00.00, 100,
1049,False,False,False,True,True,True,False,False,40,9,0,0.00, 0.00, 0:00.00, 100,
1050,False,False,False,False,True,True,True,False,20,9,0,0.00, 0.00, 0:00.00, 100,
105,True,False,False,True,False,True,False,True,20,9,0,0.00, 0.00, 0:00.00, 100,
1051,False,False,True,True,True,True,True,True,40,5,0,0.00, 0.00, 0:00.00, 100,
1052,True,False,False,True,False,True,False,False,40,1,0,0.00, 0.00, 0:00.00, 100,
1053,False,False,True,True,True,True,True,True,40,1,0,0.00, 0.00, 0:00.00, 100,
1054,False,False,False,True,False,False,False,False,40,9,0,0.00, 0.00, 0:00.00, 100,
1055,False,False,False,True,True,True,False,False,40,1,0,0.00, 0.00, 0:00.00, 100,
1056,True,False,False,True,False,True,False,False,40,5,0,0.00, 0.00, 0:00.00, 100,
1057,True,False,False,False,True,False,False,False,40,5,0,0.00, 0.00, 0:00.00, 100,
1058,False,False,False,True,True,True,False,False,40,5,0,0.00, 0.00, 0:00.00, 100,
1059,True,False,False,False,True,False,False,False,40,9,0,0.00, 0.00, 0:00.00, 100,
1060,True,False,False,True,False,True,False,False,40,9,0,0.00, 0.00, 0:00.00, 100,
106,False,False,True,False,False,True,False,True,60,5,0,0.00, 0.00, 0:00.00, 100,
1061,False,False,False,True,False,False,True,False,20,1,0,0.00, 0.00, 0:00.00, 100,
1062,True,False,True,False,True,True,False,True,60,5,0,0.00, 0.00, 0:00.00, 100,
1063,True,False,False,True,False,True,True,True,60,1,0,0.00, 0.00, 0:00.00, 100,
1064,False,False,True,False,True,False,False,False,20,1,0,0.00, 0.00, 0:00.00, 100,
1065,False,False,True,True,False,False,True,True,40,5,0,0.00, 0.00, 0:00.00, 100,
1066,True,False,False,True,False,True,True,True,60,5,0,0.00, 0.00, 0:00.00, 100,
1067,True,False,True,False,True,True,False,True,60,1,0,0.00, 0.00, 0:00.00, 100,
1068,True,False,True,False,False,False,True,True,40,9,0,0.00, 0.00, 0:00.00, 100,
1069,True,False,False,False,True,False,False,False,60,1,0,0.00, 0.00, 0:00.00, 100,
1070,False,False,False,False,True,True,True,False,20,1,0,0.00, 0.00, 0:00.00, 100,
107,False,False,True,False,False,True,True,True,40,1,0,0.00, 0.00, 0:00.00, 100,
1071,True,False,False,True,False,True,True,True,60,9,0,0.00, 0.00, 0:00.00, 100,
1072,False,False,False,False,True,True,True,False,20,5,0,0.00, 0.00, 0:00.00, 100,
1073,True,False,True,False,True,True,False,True,60,9,0,0.00, 0.00, 0:00.00, 100,
1074,False,False,True,True,True,True,True,True,40,9,0,0.00, 0.00, 0:00.00, 100,
1075,False,False,True,False,True,False,True,True,40,5,0,0.00, 0.00, 0:00.00, 100,
1076,True,False,True,False,False,True,False,False,20,5,0,0.00, 0.00, 0:00.00, 100,
1077,True,False,True,False,False,False,False,False,20,5,0,0.00, 0.00, 0:00.00, 100,
1078,False,False,True,False,True,False,True,True,40,1,0,0.00, 0.00, 0:00.00, 100,
1079,True,False,False,False,False,False,False,False,40,1,0,0.00, 0.00, 0:00.00, 100,
1080,True,False,True,False,False,False,False,False,20,9,0,0.00, 0.00, 0:00.00, 100,
108,False,False,True,False,False,True,False,True,60,9,0,0.00, 0.00, 0:00.00, 100,
1081,False,False,False,True,False,False,True,False,20,9,0,0.00, 0.00, 0:00.00, 100,
1082,True,False,False,False,False,False,False,False,40,5,0,0.00, 0.00, 0:00.00, 100,
1083,True,False,False,True,True,False,False,True,20,5,0,0.00, 0.00, 0:00.00, 100,
1084,False,False,True,True,False,False,False,True,60,1,0,0.00, 0.00, 0:00.00, 100,
1085,True,False,True,False,False,False,True,True,40,5,0,0.00, 0.00, 0:00.00, 100,
1086,False,False,True,False,True,False,False,False,20,9,0,0.00, 0.00, 0:00.00, 100,
1087,False,False,True,True,False,True,False,True,60,1,0,0.00, 0.00, 0:00.00, 100,
1088,True,False,False,False,False,False,False,False,40,9,0,0.00, 0.00, 0:00.00, 100,
1089,True,False,False,True,True,False,False,True,20,1,0,0.00, 0.00, 0:00.00, 100,
1090,False,False,False,True,False,False,True,False,20,5,0,0.00, 0.00, 0:00.00, 100,
109,False,False,True,False,False,True,True,True,40,5,0,0.00, 0.00, 0:00.00, 100,
1091,False,False,True,True,False,False,False,True,60,5,0,0.00, 0.00, 0:00.00, 100,
1092,True,False,True,False,False,False,True,True,40,1,0,0.00, 0.00, 0:00.00, 100,
1093,False,False,True,False,True,False,False,False,20,5,0,0.00, 0.00, 0:00.00, 100,
1094,True,False,True,True,True,False,False,False,60,5,0,0.00, 0.00, 0:00.00, 100,
1095,False,False,False,False,False,True,True,False,20,9,0,0.00, 0.00, 0:00.00, 100,
1096,True,False,True,True,True,False,False,False,60,1,0,0.00, 0.00, 0:00.00, 100,
1097,False,False,False,False,False,True,True,False,20,5,0,0.00, 0.00, 0:00.00, 100,
1098,True,False,True,False,False,False,False,True,60,5,0,0.00, 0.00, 0:00.00, 100,
1099,True,False,True,True,False,True,True,True,40,9,0,0.00, 0.00, 0:00.00, 100,
1100,False,False,False,True,True,True,True,True,20,9,0,0.00, 0.00, 0:00.00, 100,
110,True,False,True,False,False,False,False,False,40,5,0,0.00, 0.00, 0:00.00, 100,
11,True,False,False,True,True,False,False,True,60,5,0,0.00, 0.00, 0:00.00, 100,
1101,True,False,False,False,True,False,True,True,20,5,0,0.00, 0.00, 0:00.00, 100,
1102,False,False,False,True,True,True,True,True,20,5,0,0.00, 0.00, 0:00.00, 100,
1103,True,False,False,False,True,False,True,True,20,9,0,0.00, 0.00, 0:00.00, 100,
1104,True,False,True,True,True,False,False,False,60,9,0,0.00, 0.00, 0:00.00, 100,
1105,False,False,False,True,True,True,True,True,20,1,0,0.00, 0.00, 0:00.00, 100,
1106,False,False,True,True,True,True,True,True,60,9,0,0.00, 0.00, 0:00.00, 100,
1107,True,False,False,True,False,True,False,False,60,1,0,0.00, 0.00, 0:00.00, 100,
1108,False,False,True,True,True,True,True,True,60,5,0,0.00, 0.00, 0:00.00, 100,
1109,False,False,False,False,False,True,False,False,40,9,0,0.00, 0.00, 0:00.00, 100,
1110,True,False,False,False,True,False,True,True,20,1,0,0.00, 0.00, 0:00.00, 100,
111,True,False,True,True,True,False,False,True,20,9,0,0.00, 0.00, 0:00.00, 100,
1111,True,False,False,True,False,True,False,False,60,5,0,0.00, 0.00, 0:00.00, 50,
1112,False,False,True,True,True,True,True,True,60,1,0,0.00, 0.00, 0:00.00, 100,
1113,False,False,False,False,False,True,True,False,20,1,0,0.00, 0.00, 0:00.00, 100,
1114,True,False,True,True,False,True,True,True,40,5,0,0.00, 0.00, 0:00.00, 100,
1115,True,False,False,True,False,True,False,False,60,9,0,0.00, 0.00, 0:00.00, 100,
1116,True,False,True,False,True,True,True,False,20,1,0,0.00, 0.00, 0:00.00, 100,
1117,True,False,True,True,False,True,True,True,40,1,0,0.00, 0.00, 0:00.00, 100,
1118,False,False,True,False,True,False,False,False,40,1,0,0.00, 0.00, 0:00.00, 100,
1119,True,False,True,False,True,True,True,False,20,5,0,0.00, 0.00, 0:00.00, 100,
1120,True,False,False,True,True,False,True,True,60,9,0,0.00, 0.00, 0:00.00, 100,
112,True,False,True,False,False,False,True,False,20,1,0,0.00, 0.00, 0:00.00, 100,
1121,False,False,False,True,False,False,True,False,40,5,0,0.00, 0.00, 0:00.00, 100,
1122,True,False,True,False,True,True,True,False,20,9,0,0.00, 0.00, 0:00.00, 100,
1123,False,False,False,True,False,False,True,False,40,1,0,0.00, 0.00, 0:00.00, 100,
1124,True,False,True,True,False,True,False,False,20,1,0,0.00, 0.00, 0:00.00, 100,
1125,True,False,False,True,True,False,True,False,20,5,0,0.00, 0.00, 0:00.00, 100,
1126,True,False,False,True,True,False,True,False,20,1,0,0.00, 0.00, 0:00.00, 100,
1127,False,False,True,False,True,False,False,False,40,9,0,0.00, 0.00, 0:00.00, 100,
1128,True,False,False,True,True,False,True,False,20,9,0,0.00, 0.00, 0:00.00, 100,
1129,False,False,True,False,True,False,False,False,40,5,0,0.00, 0.00, 0:00.00, 100,
1130,False,False,False,True,False,False,True,False,40,9,0,0.00, 0.00, 0:00.00, 100,
113,False,False,True,True,True,True,False,True,40,1,0,0.00, 0.00, 0:00.00, 100,
1131,True,False,False,False,True,True,True,True,40,1,0,0.00, 0.00, 0:00.00, 100,
1132,True,False,True,True,False,True,True,True,20,9,0,0.00, 0.00, 0:00.00, 100,
1133,False,False,False,False,False,True,True,False,40,9,0,0.00, 0.00, 0:00.00, 100,
1134,False,False,True,True,True,True,True,False,60,5,0,0.00, 0.00, 0:00.00, 100,
1135,False,False,True,True,False,False,False,True,20,5,0,0.00, 0.00, 0:00.00, 100,
1136,True,False,True,True,False,True,True,True,20,5,0,0.00, 0.00, 0:00.00, 100,
1137,False,False,False,True,True,True,True,True,40,9,0,0.00, 0.00, 0:00.00, 100,
1138,False,False,False,False,False,True,True,False,40,5,0,0.00, 0.00, 0:00.00, 100,
1139,False,False,True,True,True,True,True,False,60,1,0,0.00, 0.00, 0:00.00, 100,
1140,False,False,True,True,False,False,False,True,20,9,0,0.00, 0.00, 0:00.00, 100,
114,False,False,False,False,False,False,True,False,20,5,0,0.00, 0.00, 0:00.00, 100,
1141,False,False,False,True,True,True,True,True,40,5,0,0.00, 0.00, 0:00.00, 100,
1142,False,False,True,True,True,False,True,False,60,9,0,0.00, 0.00, 0:00.00, 100,
1143,True,False,False,False,True,False,True,True,40,5,0,0.00, 0.00, 0:00.00, 100,
1144,False,False,False,True,True,True,True,True,40,1,0,0.00, 0.00, 0:00.00, 100,
1145,True,False,False,False,True,False,True,True,40,9,0,0.00, 0.00, 0:00.00, 100,
1146,False,False,True,False,True,False,True,True,60,9,0,0.00, 0.00, 0:00.00, 100,
1147,True,False,False,False,True,False,True,True,40,1,0,0.00, 0.00, 0:00.00, 100,
1148,True,False,True,True,False,True,True,True,20,1,0,0.00, 0.00, 0:00.00, 100,
1149,True,False,True,False,True,True,True,False,40,1,0,0.00, 0.00, 0:00.00, 100,
1150,False,False,False,False,False,True,True,False,40,1,0,0.00, 0.00, 0:00.00, 100,
115,False,False,False,True,False,False,True,True,40,9,0,0.00, 0.00, 0:00.00, 100,
1151,True,False,True,False,True,True,True,False,40,5,0,0.00, 0.00, 0:00.00, 100,
1152,False,False,True,True,True,True,True,False,60,9,0,0.00, 0.00, 0:00.00, 100,
1153,,,,,,,,,,,0,0.00, 0.00, 0:00.00, 100,
1154,,,,,,,,,,,0,0.00, 0.00, 0:00.00, 100,
1155,,,,,,,,,,,0,0.00, 0.00, 0:00.00, 100,
1156,,,,,,,,,,,0,0.00, 0.00, 0:00.00, 100,
1157,,,,,,,,,,,0,0.00, 0.00, 0:00.00, 100,
1158,,,,,,,,,,,0,0.00, 0.00, 0:00.00, 100,
1159,,,,,,,,,,,0,0.00, 0.00, 0:00.00, 100,
1160,,,,,,,,,,,0,0.00, 0.00, 0:00.00, 100,
116,False,False,False,True,False,False,False,True,60,9,0,0.00, 0.00, 0:00.00, 100,
1161,,,,,,,,,,,0,0.00, 0.00, 0:00.00, 100,
1162,,,,,,,,,,,0,0.00, 0.00, 0:00.00, 100,
117,True,False,True,False,False,False,False,False,40,9,0,0.00, 0.00, 0:00.00, 100,
118,False,False,False,True,False,False,True,True,40,5,0,0.00, 0.00, 0:00.00, 100,
119,True,False,True,False,False,False,True,False,20,5,0,0.00, 0.00, 0:00.00, 100,
120,False,False,False,True,False,False,False,True,60,5,0,0.00, 0.00, 0:00.00, 100,
12,False,False,False,True,False,False,True,False,60,9,0,0.00, 0.00, 0:00.00, 100,
121,True,False,True,False,False,False,True,True,60,5,0,0.00, 0.00, 0:00.00, 100,
122,True,False,True,True,True,False,False,True,20,1,0,0.00, 0.00, 0:00.00, 100,
123,False,False,False,True,False,False,True,True,40,1,0,0.00, 0.00, 0:00.00, 100,
124,True,False,True,False,False,False,True,False,20,9,0,0.00, 0.00, 0:00.00, 100,
125,False,False,False,False,True,True,False,False,20,1,0,0.00, 0.00, 0:00.00, 100,
126,False,False,False,True,False,False,False,True,60,1,0,0.00, 0.00, 0:00.00, 100,
127,True,False,True,False,False,False,True,True,60,1,0,0.00, 0.00, 0:00.00, 100,
128,True,False,True,True,True,False,False,True,20,5,0,0.00, 0.00, 0:00.00, 100,
129,True,False,True,True,True,False,False,True,60,1,0,0.00, 0.00, 0:00.00, 100,
130,True,False,True,False,False,False,False,False,60,1,0,0.00, 0.00, 0:00.00, 100,
13,False,False,True,True,False,False,False,True,20,1,0,0.00, 0.00, 0:00.00, 100,
131,True,False,True,False,False,False,False,False,60,5,0,0.00, 0.00, 0:00.00, 100,
132,True,False,True,False,False,False,True,False,40,1,0,0.00, 0.00, 0:00.00, 100,
133,False,False,True,False,False,True,False,False,60,9,0,0.00, 0.00, 0:00.00, 100,
134,False,False,True,False,False,True,True,False,40,5,0,0.00, 0.00, 0:00.00, 100,
135,False,False,False,True,True,True,True,False,60,9,0,0.00, 0.00, 0:00.00, 100,
136,False,False,False,True,False,False,False,False,60,5,0,0.00, 0.00, 0:00.00, 100,
137,False,False,True,True,True,True,False,True,20,5,0,0.00, 0.00, 0:00.00, 100,
138,False,False,True,False,False,True,True,False,40,9,0,0.00, 0.00, 0:00.00, 100,
139,False,False,True,False,False,True,True,True,60,1,0,0.00, 0.00, 0:00.00, 100,
140,False,False,True,True,True,True,False,True,20,1,0,0.00, 0.00, 0:00.00, 100,
14,False,False,False,False,False,True,False,False,40,5,0,0.00, 0.00, 0:00.00, 100,
141,False,False,False,True,True,True,True,False,60,1,0,0.00, 0.00, 0:00.00, 100,
142,False,False,True,False,False,True,False,False,60,1,0,0.00, 0.00, 0:00.00, 100,
143,False,False,False,True,True,True,True,False,60,5,0,0.00, 0.00, 0:00.00, 100,
144,False,False,True,False,False,True,False,False,60,5,0,0.00, 0.00, 0:00.00, 100,
145,False,False,True,False,False,True,True,False,40,1,0,0.00, 0.00, 0:00.00, 100,
146,True,False,False,True,False,True,False,True,60,1,0,0.00, 0.00, 0:00.00, 100,
147,False,False,False,False,False,False,True,False,20,9,0,0.00, 0.00, 0:00.00, 100,
148,True,False,False,True,False,True,False,True,40,1,0,0.00, 0.00, 0:00.00, 100,
149,True,False,False,True,False,True,True,True,20,1,0,0.00, 0.00, 0:00.00, 100,
150,True,False,False,True,False,True,False,True,40,5,0,0.00, 0.00, 0:00.00, 100,
15,False,False,True,False,True,False,False,False,60,9,0,0.00, 0.00, 0:00.00, 100,
151,False,False,True,False,False,True,True,True,60,5,0,0.00, 0.00, 0:00.00, 100,
152,True,False,False,True,False,True,True,True,20,5,0,0.00, 0.00, 0:00.00, 100,
153,True,False,False,True,False,True,False,True,40,9,0,0.00, 0.00, 0:00.00, 100,
154,False,False,True,False,False,True,True,True,60,9,0,0.00, 0.00, 0:00.00, 100,
155,False,False,True,True,True,True,False,True,20,9,0,0.00, 0.00, 0:00.00, 100,
156,True,False,False,True,False,True,True,True,20,9,0,0.00, 0.00, 0:00.00, 100,
157,True,False,True,True,True,False,False,True,40,9,0,0.00, 0.00, 0:00.00, 100,
158,False,False,False,False,True,True,False,False,20,5,0,0.00, 0.00, 0:00.00, 100,
159,True,False,True,False,False,False,False,False,60,9,0,0.00, 0.00, 0:00.00, 100,
160,True,False,True,False,False,False,True,False,40,5,0,0.00, 0.00, 0:00.00, 100,
16,True,False,True,True,True,False,False,False,20,1,0,0.00, 0.00, 0:00.00, 100,
161,False,False,False,True,False,False,True,True,20,5,0,0.00, 0.00, 0:00.00, 100,
162,True,False,True,True,True,False,True,True,20,5,0,0.00, 0.00, 0:00.00, 100,
163,False,False,False,True,False,False,False,True,40,9,0,0.00, 0.00, 0:00.00, 100,
164,False,False,False,True,False,False,True,True,20,1,0,0.00, 0.00, 0:00.00, 100,
165,True,False,True,False,False,False,True,False,40,9,0,0.00, 0.00, 0:00.00, 100,
166,True,False,True,True,True,False,True,True,20,9,0,0.00, 0.00, 0:00.00, 100,
167,False,False,False,True,False,False,False,True,40,5,0,0.00, 0.00, 0:00.00, 100,
168,True,False,True,True,True,False,False,True,40,1,0,0.00, 0.00, 0:00.00, 100,
169,False,False,False,False,True,False,False,True,60,9,0,0.00, 0.00, 0:00.00, 100,
170,False,False,False,True,False,False,False,True,40,1,0,0.00, 0.00, 0:00.00, 100,
17,False,False,True,True,True,True,False,False,60,5,0,0.00, 0.00, 0:00.00, 100,
171,True,False,True,True,True,False,False,True,40,5,0,0.00, 0.00, 0:00.00, 100,
172,True,False,True,True,True,False,True,True,20,1,0,0.00, 0.00, 0:00.00, 100,
173,False,False,False,True,False,False,False,False,60,1,0,0.00, 0.00, 0:00.00, 100,
174,False,False,False,False,True,True,False,False,20,9,0,0.00, 0.00, 0:00.00, 100,
175,False,False,False,False,True,False,False,True,60,5,0,0.00, 0.00, 0:00.00, 100,
176,True,False,False,True,True,True,True,False,20,9,0,0.00, 0.00, 0:00.00, 100,
177,True,False,False,True,False,False,True,True,40,5,0,0.00, 0.00, 0:00.00, 100,
178,False,False,False,False,True,False,False,True,60,1,0,0.00, 0.00, 0:00.00, 100,
179,True,False,False,False,True,True,True,True,40,5,0,0.00, 0.00, 0:00.00, 100,
180,True,False,False,False,True,True,True,True,40,9,0,0.00, 0.00, 0:00.00, 100,
18,False,False,True,True,True,True,True,False,40,1,0,0.00, 0.00, 0:00.00, 100,
181,True,False,False,True,True,True,True,False,20,1,0,0.00, 0.00, 0:00.00, 100,
182,True,False,False,True,True,False,True,True,60,5,0,0.00, 0.00, 0:00.00, 100,
183,True,False,False,True,True,True,True,False,20,5,0,0.00, 0.00, 0:00.00, 100,
184,True,False,False,True,True,False,True,True,60,1,0,0.00, 0.00, 0:00.00, 100,
185,True,False,False,True,True,False,True,True,40,9,0,0.00, 0.00, 0:00.00, 100,
186,False,False,False,False,False,True,False,False,60,9,0,0.00, 0.00, 0:00.00, 100,
187,False,False,False,False,True,True,False,True,20,1,0,0.00, 0.00, 0:00.00, 100,
188,True,False,True,False,True,False,False,True,40,5,0,0.00, 0.00, 0:00.00, 100,
189,False,False,True,True,True,False,True,False,40,9,0,0.00, 0.00, 0:00.00, 100,
190,True,False,True,False,True,True,False,False,60,1,0,0.00, 0.00, 0:00.00, 100,
19,False,False,True,True,True,True,False,False,60,1,0,0.00, 0.00, 0:00.00, 100,
191,False,False,False,False,True,True,False,True,20,5,0,0.00, 0.00, 0:00.00, 100,
192,True,False,False,True,False,True,True,False,60,1,0,0.00, 0.00, 0:00.00, 100,
193,False,False,True,True,True,False,True,False,40,5,0,0.00, 0.00, 0:00.00, 100,
194,True,False,True,False,True,True,False,False,60,5,0,0.00, 0.00, 0:00.00, 100,
195,False,False,False,False,True,True,False,True,20,9,0,0.00, 0.00, 0:00.00, 100,
196,True,False,False,True,False,True,True,False,60,5,0,0.00, 0.00, 0:00.00, 100,
197,False,False,False,False,False,True,False,False,60,5,0,0.00, 0.00, 0:00.00, 100,
198,True,False,True,False,True,True,False,False,60,9,0,0.00, 0.00, 0:00.00, 100,
199,False,False,False,True,True,False,False,False,20,9,0,0.00, 0.00, 0:00.00, 100,
200,True,False,False,True,False,True,True,False,60,9,0,0.00, 0.00, 0:00.00, 100,
20,True,False,True,True,True,False,False,False,20,9,0,0.00, 0.00, 0:00.00, 100,
2,True,False,True,False,True,False,False,True,40,9,0,0.00, 0.00, 0:00.00, 100,
201,False,False,False,False,False,False,True,False,40,1,0,0.00, 0.00, 0:00.00, 100,
202,False,False,False,False,False,True,False,False,60,1,0,0.00, 0.00, 0:00.00, 100,
203,False,False,False,False,False,False,True,False,40,5,0,0.00, 0.00, 0:00.00, 100,
204,False,False,True,True,False,True,False,True,20,9,0,0.00, 0.00, 0:00.00, 100,
205,False,False,False,False,True,False,False,True,40,9,0,0.00, 0.00, 0:00.00, 100,
206,False,False,False,False,False,False,True,False,40,9,0,0.00, 0.00, 0:00.00, 100,
207,False,False,True,True,False,True,False,True,20,5,0,0.00, 0.00, 0:00.00, 100,
208,True,False,True,False,False,False,False,True,20,9,0,0.00, 0.00, 0:00.00, 100,
209,False,False,False,False,True,False,False,True,40,5,0,0.00, 0.00, 0:00.00, 100,
210,False,False,False,False,False,False,True,False,60,1,0,0.00, 0.00, 0:00.00, 100,
21,True,False,True,True,True,False,False,False,20,5,0,0.00, 0.00, 0:00.00, 100,
211,False,False,True,True,True,False,True,False,60,5,0,0.00, 0.00, 0:00.00, 100,
212,False,False,False,False,True,False,False,True,40,1,0,0.00, 0.00, 0:00.00, 100,
213,True,False,False,True,True,True,False,True,60,9,0,0.00, 0.00, 0:00.00, 100,
214,False,False,True,True,True,False,True,False,60,1,0,0.00, 0.00, 0:00.00, 100,
215,True,False,False,True,True,True,False,True,60,5,0,0.00, 0.00, 0:00.00, 100,
216,True,False,False,False,True,True,True,True,20,1,0,0.00, 0.00, 0:00.00, 100,
217,True,False,False,True,True,True,False,True,60,1,0,0.00, 0.00, 0:00.00, 100,
218,True,False,False,False,True,True,True,True,20,5,0,0.00, 0.00, 0:00.00, 100,
219,True,False,False,True,True,False,True,True,40,5,0,0.00, 0.00, 0:00.00, 100,
220,True,False,False,False,True,True,True,True,20,9,0,0.00, 0.00, 0:00.00, 100,
22,True,False,True,False,False,False,True,False,60,1,0,0.00, 0.00, 0:00.00, 100,
221,True,False,False,True,False,False,True,True,40,1,0,0.00, 0.00, 0:00.00, 100,
222,False,False,True,True,False,True,False,True,20,1,0,0.00, 0.00, 0:00.00, 100,
223,True,False,True,False,False,False,False,True,20,5,0,0.00, 0.00, 0:00.00, 100,
224,True,False,False,True,True,False,True,True,40,1,0,0.00, 0.00, 0:00.00, 100,
225,True,False,True,False,False,False,False,True,20,1,0,0.00, 0.00, 0:00.00, 100,
226,False,False,False,False,False,True,False,True,60,5,0,0.00, 0.00, 0:00.00, 100,
227,True,False,True,False,True,False,True,False,40,5,0,0.00, 0.00, 0:00.00, 100,
228,True,False,True,False,True,False,False,False,60,9,0,0.00, 0.00, 0:00.00, 100,
229,False,False,True,True,False,False,True,False,40,9,0,0.00, 0.00, 0:00.00, 100,
230,False,False,False,False,False,True,False,True,60,9,0,0.00, 0.00, 0:00.00, 100,
23,False,False,True,True,True,True,True,False,40,9,0,0.00, 0.00, 0:00.00, 100,
231,True,False,True,False,True,False,False,False,60,5,0,0.00, 0.00, 0:00.00, 100,
232,True,False,True,False,True,False,False,True,40,1,0,0.00, 0.00, 0:00.00, 100,
233,True,False,True,False,True,False,True,False,40,1,0,0.00, 0.00, 0:00.00, 100,
234,False,False,True,True,False,False,True,False,40,5,0,0.00, 0.00, 0:00.00, 100,
235,True,False,True,False,True,False,False,False,60,1,0,0.00, 0.00, 0:00.00, 100,
236,False,False,True,True,False,False,True,False,40,1,0,0.00, 0.00, 0:00.00, 100,
237,False,False,False,False,False,True,False,True,60,1,0,0.00, 0.00, 0:00.00, 100,
238,False,False,False,False,True,True,False,True,40,1,0,0.00, 0.00, 0:00.00, 100,
239,False,False,False,False,True,True,False,True,40,5,0,0.00, 0.00, 0:00.00, 100,
240,False,False,False,False,True,True,False,True,40,9,0,0.00, 0.00, 0:00.00, 100,
24,True,False,True,False,True,True,True,False,60,1,0,0.00, 0.00, 0:00.00, 100,
241,True,False,True,False,True,False,True,False,40,9,0,0.00, 0.00, 0:00.00, 100,
242,False,False,False,False,False,False,False,True,40,1,0,0.00, 0.00, 0:00.00, 100,
243,False,False,False,True,True,False,False,False,20,5,0,0.00, 0.00, 0:00.00, 100,
244,False,False,False,False,False,False,True,True,20,1,0,0.00, 0.00, 0:00.00, 100,
245,False,False,False,False,False,False,False,True,40,5,0,0.00, 0.00, 0:00.00, 100,
246,True,False,True,True,False,False,False,False,20,9,0,0.00, 0.00, 0:00.00, 100,
247,False,False,False,False,False,False,True,True,20,5,0,0.00, 0.00, 0:00.00, 100,
248,False,False,False,False,False,False,False,True,40,9,0,0.00, 0.00, 0:00.00, 100,
249,False,False,False,False,True,True,False,True,60,1,0,0.00, 0.00, 0:00.00, 100,
250,True,False,True,True,False,False,False,False,20,5,0,0.00, 0.00, 0:00.00, 100,
25,True,False,True,False,True,True,False,False,40,1,0,0.00, 0.00, 0:00.00, 100,
251,False,False,False,False,False,False,True,True,20,9,0,0.00, 0.00, 0:00.00, 100,
252,False,False,True,True,False,True,True,False,60,5,0,0.00, 0.00, 0:00.00, 100,
253,True,False,True,True,False,False,False,False,20,1,0,0.00, 0.00, 0:00.00, 100,
254,False,False,False,False,False,False,True,False,60,5,0,0.00, 0.00, 0:00.00, 100,
255,False,False,True,True,False,True,True,False,60,1,0,0.00, 0.00, 0:00.00, 100,
256,False,False,True,True,False,True,True,False,60,9,0,0.00, 0.00, 0:00.00, 100,
257,False,False,False,False,False,True,False,False,20,9,0,0.00, 0.00, 0:00.00, 100,
258,False,False,True,True,False,False,True,False,20,9,0,0.00, 0.00, 0:00.00, 100,
259,True,False,True,False,True,False,True,False,20,5,0,0.00, 0.00, 0:00.00, 100,
260,True,False,True,False,True,False,False,False,40,9,0,0.00, 0.00, 0:00.00, 100,
26,False,False,True,True,True,True,True,False,40,5,0,0.00, 0.00, 0:00.00, 100,
261,True,False,True,True,False,True,True,True,60,9,0,0.00, 0.00, 0:00.00, 100,
262,False,False,False,False,False,True,False,False,20,5,0,0.00, 0.00, 0:00.00, 100,
263,False,False,True,True,False,False,True,False,20,5,0,0.00, 0.00, 0:00.00, 100,
264,True,False,True,False,True,False,True,False,20,1,0,0.00, 0.00, 0:00.00, 100,
265,True,False,False,True,True,False,True,True,20,5,0,0.00, 0.00, 0:00.00, 100,
266,False,False,True,True,False,True,False,True,40,9,0,0.00, 0.00, 0:00.00, 100,
267,True,False,True,False,True,False,False,False,40,5,0,0.00, 0.00, 0:00.00, 100,
268,False,False,True,True,False,False,True,False,20,1,0,0.00, 0.00, 0:00.00, 100,
269,True,False,True,False,True,False,False,False,40,1,0,0.00, 0.00, 0:00.00, 100,
270,False,False,False,False,True,True,False,True,60,5,0,0.00, 0.00, 0:00.00, 100,
27,False,False,True,True,True,True,False,False,60,9,0,0.00, 0.00, 0:00.00, 100,
271,False,False,False,False,True,True,False,True,60,9,0,0.00, 0.00, 0:00.00, 100,
272,True,False,True,True,False,True,True,True,60,5,0,0.00, 0.00, 0:00.00, 100,
273,False,False,False,False,False,True,False,False,20,1,0,0.00, 0.00, 0:00.00, 100,
274,True,False,True,True,False,True,True,True,60,1,0,0.00, 0.00, 0:00.00, 100,
275,True,False,True,False,True,False,True,False,20,9,0,0.00, 0.00, 0:00.00, 100,
276,False,False,False,False,False,False,False,True,60,1,0,0.00, 0.00, 0:00.00, 100,
277,True,False,False,True,False,True,False,True,60,5,0,0.00, 0.00, 0:00.00, 100,
278,False,False,False,False,False,False,True,True,40,1,0,0.00, 0.00, 0:00.00, 100,
279,False,False,False,False,False,False,False,True,60,5,0,0.00, 0.00, 0:00.00, 100,
280,True,False,True,True,False,False,False,False,40,9,0,0.00, 0.00, 0:00.00, 100,
28,True,False,True,False,True,True,True,False,60,5,0,0.00, 0.00, 0:00.00, 100,
281,False,False,False,False,False,False,True,True,40,5,0,0.00, 0.00, 0:00.00, 100,
282,False,False,False,False,False,False,False,True,60,9,0,0.00, 0.00, 0:00.00, 100,
283,True,False,True,True,False,False,False,False,40,5,0,0.00, 0.00, 0:00.00, 100,
284,False,False,False,False,False,False,True,True,40,9,0,0.00, 0.00, 0:00.00, 100,
285,True,False,True,True,False,False,False,False,40,1,0,0.00, 0.00, 0:00.00, 100,
286,False,False,False,False,False,True,False,True,20,1,0,0.00, 0.00, 0:00.00, 100,
287,True,False,False,False,True,True,True,False,60,1,0,0.00, 0.00, 0:00.00, 100,
288,False,False,False,False,True,True,False,False,60,1,0,0.00, 0.00, 0:00.00, 100,
289,True,False,True,False,True,False,False,False,20,5,0,0.00, 0.00, 0:00.00, 100,
290,False,False,True,True,False,False,True,True,60,1,0,0.00, 0.00, 0:00.00, 100,
29,False,False,True,False,True,False,True,False,60,1,0,0.00, 0.00, 0:00.00, 100,
291,True,False,False,False,True,True,True,False,60,5,0,0.00, 0.00, 0:00.00, 100,
292,False,False,False,False,False,True,False,True,20,5,0,0.00, 0.00, 0:00.00, 100,
293,True,False,True,False,True,False,False,False,20,1,0,0.00, 0.00, 0:00.00, 100,
294,True,False,False,False,True,True,True,False,60,9,0,0.00, 0.00, 0:00.00, 100,
295,False,False,True,False,True,True,True,True,20,1,0,0.00, 0.00, 0:00.00, 100,
296,False,False,True,False,True,True,True,True,20,9,0,0.00, 0.00, 0:00.00, 100,
297,False,False,True,False,True,True,True,True,20,5,0,0.00, 0.00, 0:00.00, 100,
298,True,False,True,False,True,False,False,False,20,9,0,0.00, 0.00, 0:00.00, 100,
299,False,False,False,True,False,False,False,False,20,5,0,0.00, 0.00, 0:00.00, 100,
300,True,False,False,False,False,True,True,True,40,5,0,0.00, 0.00, 0:00.00, 100,
30,True,False,True,False,True,True,True,False,60,9,0,0.00, 0.00, 0:00.00, 100,
3,True,False,False,True,False,True,True,False,40,1,0,0.00, 0.00, 0:00.00, 100,
301,True,False,False,False,False,True,True,True,40,9,0,0.00, 0.00, 0:00.00, 100,
302,True,False,False,False,False,True,True,True,40,1,0,0.00, 0.00, 0:00.00, 100,
303,True,False,True,True,False,False,False,False,60,9,0,0.00, 0.00, 0:00.00, 100,
304,False,False,True,True,False,True,True,False,20,1,0,0.00, 0.00, 0:00.00, 100,
305,False,False,True,True,False,True,False,False,40,5,0,0.00, 0.00, 0:00.00, 100,
306,True,False,True,True,False,False,False,False,60,5,0,0.00, 0.00, 0:00.00, 100,
307,False,False,True,True,False,True,False,False,40,1,0,0.00, 0.00, 0:00.00, 100,
308,True,False,False,False,False,False,False,False,20,1,0,0.00, 0.00, 0:00.00, 100,
309,True,False,True,True,False,False,False,False,60,1,0,0.00, 0.00, 0:00.00, 100,
310,False,False,False,False,False,False,True,False,60,9,0,0.00, 0.00, 0:00.00, 100,
31,False,False,True,False,False,True,False,True,20,9,0,0.00, 0.00, 0:00.00, 100,
311,False,False,True,True,False,True,True,False,20,9,0,0.00, 0.00, 0:00.00, 100,
312,True,False,False,False,False,False,False,False,20,5,0,0.00, 0.00, 0:00.00, 100,
313,False,False,True,True,False,False,True,True,60,9,0,0.00, 0.00, 0:00.00, 100,
314,False,False,True,True,False,True,False,False,40,9,0,0.00, 0.00, 0:00.00, 100,
315,False,False,True,True,False,True,True,False,20,5,0,0.00, 0.00, 0:00.00, 100,
316,True,False,False,False,False,False,False,False,20,9,0,0.00, 0.00, 0:00.00, 100,
317,False,False,True,True,False,False,True,True,60,5,0,0.00, 0.00, 0:00.00, 100,
318,False,False,False,False,False,True,False,True,40,5,0,0.00, 0.00, 0:00.00, 100,
319,False,False,True,True,False,False,True,False,60,9,0,0.00, 0.00, 0:00.00, 100,
320,False,False,False,False,False,True,False,True,40,9,0,0.00, 0.00, 0:00.00, 100,
32,True,False,False,True,True,False,True,False,60,1,0,0.00, 0.00, 0:00.00, 100,
321,False,False,True,True,False,True,False,True,40,5,0,0.00, 0.00, 0:00.00, 100,
322,False,False,True,True,False,False,True,False,60,5,0,0.00, 0.00, 0:00.00, 100,
323,False,False,True,True,False,True,False,False,60,1,0,0.00, 0.00, 0:00.00, 100,
324,False,False,False,False,False,True,False,True,40,1,0,0.00, 0.00, 0:00.00, 100,
325,False,False,True,True,False,False,True,False,60,1,0,0.00, 0.00, 0:00.00, 100,
326,True,False,True,False,True,False,False,True,20,9,0,0.00, 0.00, 0:00.00, 100,
327,True,False,True,False,True,False,False,True,20,5,0,0.00, 0.00, 0:00.00, 100,
328,True,False,True,False,True,False,False,True,20,1,0,0.00, 0.00, 0:00.00, 100,
329,True,False,True,False,True,True,False,True,20,1,0,0.00, 0.00, 0:00.00, 100,
330,True,False,False,False,False,True,True,True,20,5,0,0.00, 0.00, 0:00.00, 100,
33,False,False,True,False,False,True,False,True,20,1,0,0.00, 0.00, 0:00.00, 100,
331,True,False,False,False,False,True,True,True,20,9,0,0.00, 0.00, 0:00.00, 100,
332,True,False,True,False,False,False,False,True,40,9,0,0.00, 0.00, 0:00.00, 100,
333,True,False,True,False,True,True,False,True,20,9,0,0.00, 0.00, 0:00.00, 100,
334,False,False,False,False,False,False,False,True,20,1,0,0.00, 0.00, 0:00.00, 100,
335,True,False,False,False,False,True,True,True,20,1,0,0.00, 0.00, 0:00.00, 100,
336,True,False,True,False,True,True,False,True,20,5,0,0.00, 0.00, 0:00.00, 100,
337,False,False,False,False,False,False,False,True,20,5,0,0.00, 0.00, 0:00.00, 100,
338,False,False,False,False,True,False,True,False,60,5,0,0.00, 0.00, 0:00.00, 100,
339,False,False,True,True,False,True,False,False,60,9,0,0.00, 0.00, 0:00.00, 100,
340,False,False,True,True,False,True,True,False,40,5,0,0.00, 0.00, 0:00.00, 100,
34,False,False,True,False,False,True,False,True,20,5,0,0.00, 0.00, 0:00.00, 100,
341,False,False,False,False,False,False,False,True,20,9,0,0.00, 0.00, 0:00.00, 100,
342,False,False,False,False,True,False,True,False,60,9,0,0.00, 0.00, 0:00.00, 100,
343,True,False,False,True,False,True,False,True,60,9,0,0.00, 0.00, 0:00.00, 100,
344,False,False,True,True,False,True,True,False,40,1,0,0.00, 0.00, 0:00.00, 100,
345,False,False,True,True,False,True,False,False,60,5,0,0.00, 0.00, 0:00.00, 100,
346,False,False,False,False,False,True,False,True,20,9,0,0.00, 0.00, 0:00.00, 100,
347,False,False,False,False,True,False,True,False,60,1,0,0.00, 0.00, 0:00.00, 100,
348,False,False,True,True,False,True,True,False,40,9,0,0.00, 0.00, 0:00.00, 100,
349,True,False,False,True,False,False,False,True,60,1,0,0.00, 0.00, 0:00.00, 100,
350,False,False,True,False,False,False,True,True,60,9,0,0.00, 0.00, 0:00.00, 100,
35,True,False,False,True,True,False,True,False,60,9,0,0.00, 0.00, 0:00.00, 100,
351,False,False,False,True,False,True,False,False,40,9,0,0.00, 0.00, 0:00.00, 100,
352,True,False,False,False,True,True,True,False,20,1,0,0.00, 0.00, 0:00.00, 100,
353,False,False,True,False,False,False,True,True,60,5,0,0.00, 0.00, 0:00.00, 100,
354,False,False,False,False,True,True,False,False,60,5,0,0.00, 0.00, 0:00.00, 100,
355,True,False,False,False,True,True,True,False,20,5,0,0.00, 0.00, 0:00.00, 100,
356,False,False,True,True,True,False,False,True,20,9,0,0.00, 0.00, 0:00.00, 100,
357,True,False,True,False,False,True,False,True,60,9,0,0.00, 0.00, 0:00.00, 100,
358,True,False,False,False,True,True,True,False,20,9,0,0.00, 0.00, 0:00.00, 100,
359,False,False,True,True,True,False,False,True,20,1,0,0.00, 0.00, 0:00.00, 100,
360,True,False,True,False,True,False,True,True,20,9,0,0.00, 0.00, 0:00.00, 100,
36,True,False,False,True,False,True,True,False,40,5,0,0.00, 0.00, 0:00.00, 100,
361,False,False,True,True,True,False,False,True,20,5,0,0.00, 0.00, 0:00.00, 100,
362,True,False,True,False,True,False,True,True,20,5,0,0.00, 0.00, 0:00.00, 100,
363,False,False,True,False,False,False,False,False,20,1,0,0.00, 0.00, 0:00.00, 100,
364,True,False,False,True,False,False,False,True,60,9,0,0.00, 0.00, 0:00.00, 100,
365,False,False,False,True,False,False,False,False,20,1,0,0.00, 0.00, 0:00.00, 100,
366,True,False,True,False,True,False,True,True,20,1,0,0.00, 0.00, 0:00.00, 100,
367,False,False,True,False,False,False,True,True,60,1,0,0.00, 0.00, 0:00.00, 100,
368,False,False,True,False,False,False,False,False,20,5,0,0.00, 0.00, 0:00.00, 100,
369,True,False,False,True,False,False,False,True,60,5,0,0.00, 0.00, 0:00.00, 100,
370,False,False,True,False,False,False,False,False,20,9,0,0.00, 0.00, 0:00.00, 100,
37,False,False,False,True,False,False,False,True,20,9,0,0.00, 0.00, 0:00.00, 100,
371,False,False,True,True,False,True,True,True,20,5,0,0.00, 0.00, 0:00.00, 100,
372,True,False,True,True,False,False,False,True,20,5,0,0.00, 0.00, 0:00.00, 100,
373,False,False,False,True,True,False,False,True,60,9,0,0.00, 0.00, 0:00.00, 100,
374,False,False,True,True,False,True,True,True,20,1,0,0.00, 0.00, 0:00.00, 100,
375,True,False,False,False,False,True,True,False,40,9,0,0.00, 0.00, 0:00.00, 100,
376,False,False,True,False,True,True,True,True,60,5,0,0.00, 0.00, 0:00.00, 100,
377,False,False,False,False,True,True,False,False,60,9,0,0.00, 0.00, 0:00.00, 100,
378,True,False,True,True,False,False,False,True,20,1,0,0.00, 0.00, 0:00.00, 100,
379,False,False,False,True,True,False,False,True,60,5,0,0.00, 0.00, 0:00.00, 100,
380,True,False,False,True,True,True,True,True,20,9,0,0.00, 0.00, 0:00.00, 100,
38,True,False,True,False,False,False,True,False,60,5,0,0.00, 0.00, 0:00.00, 100,
381,False,False,True,True,False,True,True,True,20,9,0,0.00, 0.00, 0:00.00, 100,
382,True,False,False,True,True,True,True,True,20,5,0,0.00, 0.00, 0:00.00, 100,
383,False,False,False,False,True,False,False,False,60,9,0,0.00, 0.00, 0:00.00, 100,
384,True,False,False,True,True,True,True,True,20,1,0,0.00, 0.00, 0:00.00, 100,
385,False,False,False,True,False,True,False,False,60,1,0,0.00, 0.00, 0:00.00, 100,
386,False,False,False,True,False,True,False,False,60,5,0,0.00, 0.00, 0:00.00, 100,
387,False,False,False,False,True,False,False,False,60,1,0,0.00, 0.00, 0:00.00, 100,
388,True,False,False,True,True,True,False,True,40,9,0,0.00, 0.00, 0:00.00, 100,
389,True,False,False,False,False,True,True,False,40,5,0,0.00, 0.00, 0:00.00, 100,
390,False,False,False,False,True,False,False,False,60,5,0,0.00, 0.00, 0:00.00, 100,
39,True,False,True,True,True,False,True,True,40,9,0,0.00, 0.00, 0:00.00, 100,
391,False,False,False,True,False,True,False,False,60,9,0,0.00, 0.00, 0:00.00, 100,
392,True,False,False,False,False,True,True,False,40,1,0,0.00, 0.00, 0:00.00, 100,
393,False,False,True,False,False,False,True,True,40,5,0,0.00, 0.00, 0:00.00, 100,
394,False,False,False,True,False,True,False,False,20,9,0,0.00, 0.00, 0:00.00, 100,
395,True,False,False,False,True,True,True,False,40,1,0,0.00, 0.00, 0:00.00, 100,
396,False,False,True,False,True,True,False,True,60,1,0,0.00, 0.00, 0:00.00, 100,
397,False,False,True,False,False,False,True,True,40,1,0,0.00, 0.00, 0:00.00, 100,
398,True,False,False,False,True,True,True,False,40,5,0,0.00, 0.00, 0:00.00, 100,
399,False,False,False,False,True,False,True,False,40,5,0,0.00, 0.00, 0:00.00, 100,
400,False,False,False,True,False,True,True,True,60,1,0,0.00, 0.00, 0:00.00, 33,
40,False,False,False,True,False,False,False,True,20,5,0,0.00, 0.00, 0:00.00, 100,
4,True,False,True,False,True,True,True,False,40,9,0,0.00, 0.00, 0:00.00, 100,
401,True,False,True,False,False,True,False,True,40,9,0,0.00, 0.00, 0:00.00, 100,
402,True,False,False,False,True,True,True,False,40,9,0,0.00, 0.00, 0:00.00, 100,
403,False,False,False,True,False,True,True,True,60,5,0,0.00, 0.00, 0:00.00, 100,
404,False,False,True,False,True,True,False,True,60,9,0,0.00, 0.00, 0:00.00, 100,
405,False,False,True,False,False,False,True,True,40,9,0,0.00, 0.00, 0:00.00, 100,
406,False,False,False,True,False,True,True,True,60,9,0,0.00, 0.00, 0:00.00, 100,
407,False,False,True,False,True,True,False,True,60,5,0,0.00, 0.00, 0:00.00, 100,
408,True,False,True,False,True,False,True,True,40,9,0,0.00, 0.00, 0:00.00, 100,
409,False,False,False,True,True,False,True,False,20,1,0,0.00, 0.00, 0:00.00, 100,
410,True,False,False,True,True,True,False,True,40,5,0,0.00, 0.00, 0:00.00, 100,
41,True,False,False,True,True,False,True,False,60,5,0,0.00, 0.00, 0:00.00, 100,
411,True,False,True,False,True,False,True,True,40,5,0,0.00, 0.00, 0:00.00, 100,
412,True,False,True,False,True,False,True,True,40,1,0,0.00, 0.00, 0:00.00, 100,
413,False,False,False,True,True,False,True,False,20,9,0,0.00, 0.00, 0:00.00, 100,
414,False,False,False,True,True,False,True,False,20,5,0,0.00, 0.00, 0:00.00, 100,
415,False,False,True,True,False,True,True,True,40,9,0,0.00, 0.00, 0:00.00, 100,
416,True,False,False,False,False,True,True,False,20,9,0,0.00, 0.00, 0:00.00, 100,
417,False,False,False,False,True,False,True,True,60,9,0,0.00, 0.00, 0:00.00, 100,
418,False,False,True,True,False,True,True,True,40,5,0,0.00, 0.00, 0:00.00, 100,
419,False,False,False,False,True,False,True,True,60,5,0,0.00, 0.00, 0:00.00, 100,
420,False,False,False,False,True,False,True,True,60,1,0,0.00, 0.00, 0:00.00, 100,
42,True,False,True,False,False,False,True,False,60,9,0,0.00, 0.00, 0:00.00, 100,
421,False,False,False,False,True,False,True,False,40,9,0,0.00, 0.00, 0:00.00, 100,
422,True,False,True,False,False,True,False,True,60,1,0,0.00, 0.00, 0:00.00, 100,
423,False,False,True,True,False,True,False,False,20,5,0,0.00, 0.00, 0:00.00, 100,
424,False,False,False,False,True,False,False,False,40,5,0,0.00, 0.00, 0:00.00, 100,
425,True,False,True,False,False,True,False,True,60,5,0,0.00, 0.00, 0:00.00, 100,
426,False,False,False,False,True,False,False,False,40,9,0,0.00, 0.00, 0:00.00, 100,
427,False,False,True,True,False,True,False,False,20,1,0,0.00, 0.00, 0:00.00, 100,
428,True,False,False,False,False,True,True,False,20,5,0,0.00, 0.00, 0:00.00, 100,
429,False,False,True,True,False,True,True,True,40,1,0,0.00, 0.00, 0:00.00, 100,
430,False,False,False,True,False,True,False,False,40,1,0,0.00, 0.00, 0:00.00, 100,
43,False,False,False,True,False,False,False,True,20,1,0,0.00, 0.00, 0:00.00, 100,
431,True,False,False,False,False,True,True,False,20,1,0,0.00, 0.00, 0:00.00, 100,
432,True,False,False,True,True,True,False,True,40,1,0,0.00, 0.00, 0:00.00, 100,
433,False,False,True,True,False,True,False,False,20,9,0,0.00, 0.00, 0:00.00, 100,
434,False,False,False,True,False,True,False,False,40,5,0,0.00, 0.00, 0:00.00, 100,
435,False,False,False,False,True,False,False,False,40,1,0,0.00, 0.00, 0:00.00, 100,
436,False,False,True,False,True,True,True,False,40,5,0,0.00, 0.00, 0:00.00, 100,
437,False,False,True,False,False,False,True,True,20,5,0,0.00, 0.00, 0:00.00, 100,
438,False,False,True,False,True,True,True,False,40,9,0,0.00, 0.00, 0:00.00, 100,
439,True,False,False,True,True,True,False,False,40,1,0,0.00, 0.00, 0:00.00, 100,
440,False,False,True,False,False,False,True,True,20,1,0,0.00, 0.00, 0:00.00, 100,
44,False,False,True,False,True,False,True,False,60,9,0,0.00, 0.00, 0:00.00, 100,
441,True,False,False,False,True,True,False,True,60,1,0,0.00, 0.00, 0:00.00, 100,
442,True,False,True,False,False,True,False,True,20,5,0,0.00, 0.00, 0:00.00, 100,
443,False,False,True,True,False,False,True,True,20,9,0,0.00, 0.00, 0:00.00, 100,
444,True,False,False,False,True,True,False,True,60,5,0,0.00, 0.00, 0:00.00, 100,
445,False,False,True,False,False,False,True,True,20,9,0,0.00, 0.00, 0:00.00, 100,
446,True,False,True,False,False,True,False,True,20,9,0,0.00, 0.00, 0:00.00, 100,
447,True,False,True,False,True,False,True,True,60,9,0,0.00, 0.00, 0:00.00, 100,
448,False,False,False,True,True,False,False,True,40,1,0,0.00, 0.00, 0:00.00, 100,
449,True,False,True,False,True,False,True,True,60,5,0,0.00, 0.00, 0:00.00, 100,
450,False,False,False,False,False,False,False,False,40,1,0,0.00, 0.00, 0:00.00, 100,
45,True,False,True,True,True,False,False,True,60,5,0,0.00, 0.00, 0:00.00, 100,
451,True,False,True,False,True,False,True,True,60,1,0,0.00, 0.00, 0:00.00, 100,
452,False,False,False,False,False,False,False,False,40,5,0,0.00, 0.00, 0:00.00, 100,
453,True,False,True,True,True,True,True,False,40,5,0,0.00, 0.00, 0:00.00, 100,
454,False,False,True,True,False,True,False,True,40,1,0,0.00, 0.00, 0:00.00, 100,
455,True,False,True,True,False,False,False,True,60,9,0,0.00, 0.00, 0:00.00, 100,
456,False,False,False,True,True,False,False,True,20,5,0,0.00, 0.00, 0:00.00, 100,
457,False,False,False,False,False,False,False,False,40,9,0,0.00, 0.00, 0:00.00, 100,
458,False,False,False,False,False,False,True,True,60,1,0,0.00, 0.00, 0:00.00, 100,
459,True,False,True,True,True,True,True,False,40,1,0,0.00, 0.00, 0:00.00, 100,
460,False,False,False,False,True,False,True,True,40,9,0,0.00, 0.00, 0:00.00, 100,
46,True,False,True,True,True,False,True,True,40,1,0,0.00, 0.00, 0:00.00, 100,
461,True,False,True,True,False,False,False,True,60,5,0,0.00, 0.00, 0:00.00, 100,
462,False,False,False,True,True,False,False,True,20,1,0,0.00, 0.00, 0:00.00, 100,
463,False,False,False,False,False,False,True,True,60,5,0,0.00, 0.00, 0:00.00, 100,
464,False,False,False,False,True,False,True,True,40,5,0,0.00, 0.00, 0:00.00, 100,
465,True,False,True,False,False,False,False,True,40,5,0,0.00, 0.00, 0:00.00, 100,
466,True,False,True,True,False,False,False,True,60,1,0,0.00, 0.00, 0:00.00, 100,
467,False,False,False,False,False,False,True,True,60,9,0,0.00, 0.00, 0:00.00, 100,
468,False,False,False,False,True,False,True,True,40,1,0,0.00, 0.00, 0:00.00, 100,
469,True,False,False,True,True,True,True,True,60,9,0,0.00, 0.00, 0:00.00, 100,
470,False,False,False,True,True,False,False,True,20,9,0,0.00, 0.00, 0:00.00, 100,
47,False,False,False,False,False,True,False,False,40,1,0,0.00, 0.00, 0:00.00, 100,
471,True,False,False,False,True,True,False,True,60,9,0,0.00, 0.00, 0:00.00, 100,
472,True,False,True,False,False,True,False,True,40,1,0,0.00, 0.00, 0:00.00, 100,
473,False,False,False,False,True,False,False,False,20,5,0,0.00, 0.00, 0:00.00, 100,
474,True,False,False,True,True,True,True,True,60,5,0,0.00, 0.00, 0:00.00, 100,
475,True,False,True,False,False,True,False,True,40,5,0,0.00, 0.00, 0:00.00, 100,
476,True,False,False,True,True,False,True,True,20,1,0,0.00, 0.00, 0:00.00, 100,
477,False,False,False,False,True,False,False,False,20,9,0,0.00, 0.00, 0:00.00, 100,
478,True,False,False,True,True,True,True,True,60,1,0,0.00, 0.00, 0:00.00, 100,
479,True,False,False,True,True,True,False,False,40,5,0,0.00, 0.00, 0:00.00, 100,
480,False,False,False,False,True,False,False,False,20,1,0,0.00, 0.00, 0:00.00, 100,
48,False,False,True,False,True,False,True,False,60,5,0,0.00, 0.00, 0:00.00, 100,
481,True,False,True,True,True,True,True,False,40,9,0,0.00, 0.00, 0:00.00, 100,
482,True,False,False,True,True,True,False,False,40,9,0,0.00, 0.00, 0:00.00, 100,
483,False,False,True,False,True,True,True,False,60,1,0,0.00, 0.00, 0:00.00, 100,
484,False,False,True,False,True,True,True,False,20,1,0,0.00, 0.00, 0:00.00, 100,
485,True,False,True,False,True,False,True,False,60,9,0,0.00, 0.00, 0:00.00, 100,
486,False,False,True,False,True,True,True,False,20,5,0,0.00, 0.00, 0:00.00, 100,
487,False,False,True,False,True,True,True,True,60,1,0,0.00, 0.00, 0:00.00, 100,
488,False,False,True,True,False,False,True,True,20,5,0,0.00, 0.00, 0:00.00, 100,
489,True,False,True,False,True,False,True,False,60,5,0,0.00, 0.00, 0:00.00, 100,
490,True,False,True,False,True,False,True,False,60,1,0,0.00, 0.00, 0:00.00, 100,
49,True,False,True,True,True,False,False,True,60,9,0,0.00, 0.00, 0:00.00, 100,
491,False,False,True,False,True,True,True,False,20,9,0,0.00, 0.00, 0:00.00, 100,
492,True,False,False,False,True,True,False,True,40,1,0,0.00, 0.00, 0:00.00, 100,
493,False,False,True,True,True,False,False,False,60,9,0,0.00, 0.00, 0:00.00, 100,
494,False,False,False,False,False,False,False,False,60,1,0,0.00, 0.00, 0:00.00, 100,
495,False,False,False,True,True,False,False,True,60,1,0,0.00, 0.00, 0:00.00, 100,
496,False,False,False,False,False,False,False,False,60,5,0,0.00, 0.00, 0:00.00, 100,
497,True,False,True,True,False,False,False,True,20,9,0,0.00, 0.00, 0:00.00, 100,
498,False,False,False,False,True,False,True,True,20,9,0,0.00, 0.00, 0:00.00, 100,
499,False,False,False,False,True,False,True,False,40,1,0,0.00, 0.00, 0:00.00, 100,
500,True,False,True,True,False,False,False,True,40,9,0,0.00, 0.00, 0:00.00, 100,
50,True,False,True,True,True,False,True,True,40,5,0,0.00, 0.00, 0:00.00, 100,
5,False,False,False,True,False,False,True,False,60,5,0,0.00, 0.00, 0:00.00, 100,
501,False,False,False,True,True,False,False,True,40,9,0,0.00, 0.00, 0:00.00, 100,
502,False,False,False,False,False,False,False,False,60,9,0,0.00, 0.00, 0:00.00, 100,
503,True,False,True,True,True,True,True,False,60,9,0,0.00, 0.00, 0:00.00, 100,
504,False,False,False,False,True,False,True,True,20,5,0,0.00, 0.00, 0:00.00, 100,
505,True,False,True,True,False,False,False,True,40,5,0,0.00, 0.00, 0:00.00, 100,
506,False,False,False,True,True,False,False,True,40,5,0,0.00, 0.00, 0:00.00, 100,
507,True,False,True,True,True,True,True,False,60,5,0,0.00, 0.00, 0:00.00, 100,
508,False,False,False,False,True,False,True,True,20,1,0,0.00, 0.00, 0:00.00, 100,
509,True,False,False,True,True,True,True,True,40,9,0,0.00, 0.00, 0:00.00, 100,
510,True,False,True,False,False,False,False,True,40,1,0,0.00, 0.00, 0:00.00, 100,
51,False,False,True,True,True,True,False,False,40,5,0,0.00, 0.00, 0:00.00, 100,
511,True,False,True,True,False,False,False,True,40,1,0,0.00, 0.00, 0:00.00, 100,
512,True,False,True,True,True,True,True,False,60,1,0,0.00, 0.00, 0:00.00, 100,
513,True,False,False,True,True,True,True,True,40,5,0,0.00, 0.00, 0:00.00, 100,
514,True,False,False,False,False,True,True,False,60,1,0,0.00, 0.00, 0:00.00, 100,
515,True,False,False,True,True,True,True,True,40,1,0,0.00, 0.00, 0:00.00, 100,
516,True,False,False,False,True,True,False,True,40,5,0,0.00, 0.00, 0:00.00, 100,
517,True,False,False,True,True,True,False,False,20,9,0,0.00, 0.00, 0:00.00, 100,
518,True,False,False,False,True,True,False,True,40,9,0,0.00, 0.00, 0:00.00, 100,
519,True,False,True,False,False,True,False,True,20,1,0,0.00, 0.00, 0:00.00, 100,
520,True,False,False,False,False,True,True,False,60,9,0,0.00, 0.00, 0:00.00, 100,
52,False,False,True,True,True,True,True,False,20,1,0,0.00, 0.00, 0:00.00, 100,
521,False,False,False,True,False,False,False,False,20,9,0,0.00, 0.00, 0:00.00, 100,
522,True,False,False,True,True,True,False,False,20,1,0,0.00, 0.00, 0:00.00, 100,
523,True,False,False,False,False,True,True,False,60,5,0,0.00, 0.00, 0:00.00, 100,
524,False,False,True,False,True,True,True,False,40,1,0,0.00, 0.00, 0:00.00, 100,
525,True,False,False,True,True,True,False,False,20,5,0,0.00, 0.00, 0:00.00, 100,
526,True,False,False,True,False,False,True,False,60,9,0,0.00, 0.00, 0:00.00, 100,
527,False,False,False,True,False,True,False,True,20,1,0,0.00, 0.00, 0:00.00, 100,
528,True,False,False,True,True,True,True,False,60,1,0,0.00, 0.00, 0:00.00, 100,
529,True,False,False,True,False,False,True,False,60,1,0,0.00, 0.00, 0:00.00, 100,
530,False,False,False,True,False,True,False,True,20,5,0,0.00, 0.00, 0:00.00, 100,
53,True,False,True,True,True,False,False,False,40,1,0,0.00, 0.00, 0:00.00, 100,
531,True,False,False,True,False,False,True,False,60,5,0,0.00, 0.00, 0:00.00, 100,
532,False,False,True,True,False,False,True,True,20,1,0,0.00, 0.00, 0:00.00, 100,
533,False,False,False,True,False,True,False,True,20,9,0,0.00, 0.00, 0:00.00, 100,
534,True,False,False,False,True,True,False,True,20,1,0,0.00, 0.00, 0:00.00, 100,
535,False,False,True,True,True,False,True,False,20,9,0,0.00, 0.00, 0:00.00, 100,
536,False,False,True,True,True,False,True,False,20,5,0,0.00, 0.00, 0:00.00, 100,
537,False,False,True,True,True,False,False,False,40,9,0,0.00, 0.00, 0:00.00, 100,
538,False,False,True,True,True,False,False,False,60,1,0,0.00, 0.00, 0:00.00, 100,
539,True,False,True,True,True,True,False,False,20,5,0,0.00, 0.00, 0:00.00, 100,
540,False,False,True,True,True,False,False,False,60,5,0,0.00, 0.00, 0:00.00, 100,
54,False,False,True,True,True,True,False,False,40,1,0,0.00, 0.00, 0:00.00, 100,
541,True,False,True,True,True,True,False,False,20,1,0,0.00, 0.00, 0:00.00, 100,
542,True,False,True,False,False,True,True,False,60,1,0,0.00, 0.00, 0:00.00, 100,
543,False,False,True,True,False,False,True,True,40,1,0,0.00, 0.00, 0:00.00, 100,
544,False,False,False,False,True,False,False,True,20,9,0,0.00, 0.00, 0:00.00, 100,
545,False,False,False,False,True,False,False,True,20,5,0,0.00, 0.00, 0:00.00, 100,
546,False,False,True,True,True,False,True,False,40,1,0,0.00, 0.00, 0:00.00, 100,
547,False,False,False,False,True,False,False,True,20,1,0,0.00, 0.00, 0:00.00, 100,
548,True,False,False,False,True,True,False,True,20,5,0,0.00, 0.00, 0:00.00, 100,
549,True,False,False,False,True,True,False,True,20,9,0,0.00, 0.00, 0:00.00, 100,
550,True,False,False,True,True,True,True,False,60,5,0,0.00, 0.00, 0:00.00, 100,
55,True,False,False,False,True,False,False,True,20,9,0,0.00, 0.00, 0:00.00, 100,
551,True,False,True,False,False,True,True,False,60,5,0,0.00, 0.00, 0:00.00, 100,
552,True,False,True,True,True,True,False,False,20,9,0,0.00, 0.00, 0:00.00, 100,
553,True,False,False,True,True,True,True,False,60,9,0,0.00, 0.00, 0:00.00, 100,
554,True,False,False,True,False,False,True,True,60,1,0,0.00, 0.00, 0:00.00, 100,
555,True,False,True,False,False,True,True,False,60,9,0,0.00, 0.00, 0:00.00, 100,
556,True,False,False,True,False,False,True,False,40,5,0,0.00, 0.00, 0:00.00, 100,
557,False,False,True,False,True,True,True,False,60,5,0,0.00, 0.00, 0:00.00, 100,
558,True,False,False,True,False,False,False,False,60,9,0,0.00, 0.00, 0:00.00, 100,
559,True,False,False,True,False,False,True,False,40,9,0,0.00, 0.00, 0:00.00, 100,
560,True,False,False,True,True,True,False,False,60,1,0,0.00, 0.00, 0:00.00, 100,
56,True,False,True,True,True,False,False,False,40,9,0,0.00, 0.00, 0:00.00, 100,
561,False,False,True,False,True,True,True,False,60,9,0,0.00, 0.00, 0:00.00, 100,
562,True,False,False,True,False,False,False,False,60,5,0,0.00, 0.00, 0:00.00, 100,
563,True,False,False,True,False,False,False,False,60,1,0,0.00, 0.00, 0:00.00, 100,
564,True,False,False,True,False,False,True,False,40,1,0,0.00, 0.00, 0:00.00, 100,
565,False,False,True,False,True,True,True,True,40,5,0,0.00, 0.00, 0:00.00, 100,
566,False,False,True,False,False,False,True,False,60,1,0,0.00, 0.00, 0:00.00, 100,
567,False,False,True,True,True,False,True,True,60,5,0,0.00, 0.00, 0:00.00, 100,
568,False,False,True,False,False,False,True,False,60,5,0,0.00, 0.00, 0:00.00, 100,
569,False,False,True,True,True,False,True,True,60,9,0,0.00, 0.00, 0:00.00, 100,
570,False,False,True,True,True,False,False,False,20,5,0,0.00, 0.00, 0:00.00, 100,
57,True,False,True,True,True,False,True,False,20,5,0,0.00, 0.00, 0:00.00, 100,
571,False,False,True,False,False,False,True,False,60,9,0,0.00, 0.00, 0:00.00, 100,
572,False,False,True,True,True,False,False,False,20,9,0,0.00, 0.00, 0:00.00, 100,
573,False,False,True,True,True,False,True,True,60,1,0,0.00, 0.00, 0:00.00, 100,
574,False,False,True,True,True,False,False,False,40,1,0,0.00, 0.00, 0:00.00, 100,
575,True,False,True,True,True,True,False,False,40,9,0,0.00, 0.00, 0:00.00, 100,
576,True,False,False,False,True,True,True,True,60,1,0,0.00, 0.00, 0:00.00, 100,
577,True,False,True,True,True,True,True,False,20,5,0,0.00, 0.00, 0:00.00, 100,
578,False,False,True,True,True,False,False,False,40,5,0,0.00, 0.00, 0:00.00, 100,
579,True,False,True,True,True,True,True,False,20,1,0,0.00, 0.00, 0:00.00, 100,
580,True,False,True,True,True,True,False,False,40,5,0,0.00, 0.00, 0:00.00, 100,
58,True,False,True,False,True,True,False,False,40,5,0,0.00, 0.00, 0:00.00, 100,
581,False,False,True,True,True,False,True,False,20,1,0,0.00, 0.00, 0:00.00, 100,
582,True,False,True,True,True,True,False,False,40,1,0,0.00, 0.00, 0:00.00, 100,
583,True,False,False,True,True,True,True,False,40,9,0,0.00, 0.00, 0:00.00, 100,
584,True,False,True,True,True,True,True,True,60,9,0,0.00, 0.00, 0:00.00, 100,
585,True,False,True,True,True,True,True,True,60,5,0,0.00, 0.00, 0:00.00, 100,
586,True,False,False,True,True,True,False,False,60,5,0,0.00, 0.00, 0:00.00, 100,
587,False,False,True,False,True,True,True,True,40,1,0,0.00, 0.00, 0:00.00, 100,
588,True,False,False,True,True,True,True,False,40,1,0,0.00, 0.00, 0:00.00, 100,
589,True,False,True,True,True,True,True,True,60,1,0,0.00, 0.00, 0:00.00, 100,
590,True,False,False,True,True,True,False,False,60,9,0,0.00, 0.00, 0:00.00, 100,
59,True,False,False,False,True,False,False,True,20,5,0,0.00, 0.00, 0:00.00, 100,
591,True,False,False,True,True,True,True,False,40,5,0,0.00, 0.00, 0:00.00, 100,
592,True,False,True,True,True,True,True,False,20,9,0,0.00, 0.00, 0:00.00, 100,
593,False,False,False,True,False,True,False,True,60,1,0,0.00, 0.00, 0:00.00, 100,
594,True,False,False,True,False,False,True,False,20,5,0,0.00, 0.00, 0:00.00, 100,
595,False,False,False,True,False,True,True,True,40,1,0,0.00, 0.00, 0:00.00, 100,
596,False,False,False,True,False,True,False,True,60,5,0,0.00, 0.00, 0:00.00, 100,
597,True,False,False,True,False,False,True,False,20,9,0,0.00, 0.00, 0:00.00, 100,
598,False,False,True,True,True,True,False,True,40,9,0,0.00, 0.00, 0:00.00, 100,
599,False,False,False,True,True,False,False,False,40,5,0,0.00, 0.00, 0:00.00, 100,
600,True,False,False,True,False,False,False,False,40,9,0,0.00, 0.00, 0:00.00, 100,
60,True,False,True,True,True,False,True,False,20,1,0,0.00, 0.00, 0:00.00, 100,
6,False,False,True,False,True,False,False,False,60,5,0,0.00, 0.00, 0:00.00, 100,
601,False,False,False,True,False,True,False,True,60,9,0,0.00, 0.00, 0:00.00, 100,
602,False,False,False,True,False,True,True,True,40,5,0,0.00, 0.00, 0:00.00, 100,
603,False,False,True,True,True,False,True,True,40,9,0,0.00, 0.00, 0:00.00, 100,
604,True,False,False,True,False,False,False,False,40,5,0,0.00, 0.00, 0:00.00, 100,
605,False,False,False,True,False,True,True,True,40,9,0,0.00, 0.00, 0:00.00, 100,
606,True,False,False,True,False,False,True,False,20,1,0,0.00, 0.00, 0:00.00, 100,
607,True,False,False,True,False,False,False,False,40,1,0,0.00, 0.00, 0:00.00, 100,
608,False,False,True,True,True,False,False,True,60,5,0,0.00, 0.00, 0:00.00, 100,
609,False,False,False,True,True,False,True,False,40,1,0,0.00, 0.00, 0:00.00, 100,
610,False,False,True,True,True,True,False,True,60,9,0,0.00, 0.00, 0:00.00, 100,
61,True,False,True,True,True,False,False,False,40,5,0,0.00, 0.00, 0:00.00, 100,
611,False,False,True,True,True,False,True,True,40,1,0,0.00, 0.00, 0:00.00, 100,
612,False,False,False,True,True,False,False,False,60,5,0,0.00, 0.00, 0:00.00, 100,
613,False,False,True,False,False,False,False,False,60,1,0,0.00, 0.00, 0:00.00, 100,
614,True,False,False,True,False,False,False,True,20,9,0,0.00, 0.00, 0:00.00, 100,
615,False,False,True,True,True,False,True,True,40,5,0,0.00, 0.00, 0:00.00, 100,
616,False,False,True,True,True,False,False,True,60,9,0,0.00, 0.00, 0:00.00, 100,
617,False,False,False,True,True,False,False,False,60,1,0,0.00, 0.00, 0:00.00, 100,
618,False,False,True,False,False,False,True,False,40,1,0,0.00, 0.00, 0:00.00, 100,
619,False,False,True,False,False,False,False,False,60,5,0,0.00, 0.00, 0:00.00, 100,
620,True,False,False,True,False,False,False,True,20,5,0,0.00, 0.00, 0:00.00, 100,
62,True,False,False,False,True,False,False,True,20,1,0,0.00, 0.00, 0:00.00, 100,
621,False,False,False,True,True,False,False,False,40,1,0,0.00, 0.00, 0:00.00, 100,
622,False,False,False,True,True,False,True,False,40,9,0,0.00, 0.00, 0:00.00, 100,
623,False,False,True,False,False,False,True,False,40,5,0,0.00, 0.00, 0:00.00, 100,
624,False,False,True,False,False,False,False,False,60,9,0,0.00, 0.00, 0:00.00, 100,
625,True,False,False,True,False,False,False,True,20,1,0,0.00, 0.00, 0:00.00, 100,
626,False,False,True,True,True,False,False,True,60,1,0,0.00, 0.00, 0:00.00, 100,
627,False,False,False,True,True,False,True,False,40,5,0,0.00, 0.00, 0:00.00, 100,
628,False,False,False,True,True,False,False,False,60,9,0,0.00, 0.00, 0:00.00, 100,
629,False,False,True,False,False,False,True,False,40,9,0,0.00, 0.00, 0:00.00, 100,
630,False,False,True,True,True,False,False,False,20,1,0,0.00, 0.00, 0:00.00, 100,
63,False,False,True,False,False,True,False,True,40,1,0,0.00, 0.00, 0:00.00, 100,
631,True,False,True,False,False,True,False,False,40,1,0,0.00, 0.00, 0:00.00, 100,
632,False,False,True,True,True,True,False,True,60,5,0,0.00, 0.00, 0:00.00, 100,
633,True,False,True,False,False,True,True,False,20,9,0,0.00, 0.00, 0:00.00, 100,
634,True,False,True,True,True,True,True,True,40,9,0,0.00, 0.00, 0:00.00, 100,
635,True,False,True,True,True,True,True,True,40,5,0,0.00, 0.00, 0:00.00, 100,
636,True,False,True,True,True,True,False,True,60,9,0,0.00, 0.00, 0:00.00, 100,
637,False,False,False,True,False,True,False,False,20,1,0,0.00, 0.00, 0:00.00, 100,
638,True,False,True,True,True,True,True,True,40,1,0,0.00, 0.00, 0:00.00, 100,
639,True,False,True,True,True,True,False,True,60,5,0,0.00, 0.00, 0:00.00, 100,
640,True,False,True,False,False,True,True,False,20,1,0,0.00, 0.00, 0:00.00, 100,
64,False,False,True,True,True,True,True,False,20,9,0,0.00, 0.00, 0:00.00, 100,
641,True,False,True,False,False,True,False,False,40,5,0,0.00, 0.00, 0:00.00, 100,
642,False,False,False,True,False,True,False,False,20,5,0,0.00, 0.00, 0:00.00, 100,
643,True,False,True,False,True,False,False,True,60,9,0,0.00, 0.00, 0:00.00, 100,
644,True,False,True,False,False,True,True,False,20,5,0,0.00, 0.00, 0:00.00, 100,
645,True,False,True,True,True,True,False,True,60,1,0,0.00, 0.00, 0:00.00, 100,
646,True,False,True,False,False,True,False,False,40,9,0,0.00, 0.00, 0:00.00, 100,
647,True,False,False,True,False,False,False,False,20,9,0,0.00, 0.00, 0:00.00, 100,
648,True,False,False,True,False,False,False,True,40,1,0,0.00, 0.00, 0:00.00, 100,
649,True,False,False,True,False,False,False,False,20,5,0,0.00, 0.00, 0:00.00, 100,
650,False,False,False,True,False,True,False,True,40,1,0,0.00, 0.00, 0:00.00, 100,
65,False,False,True,True,True,True,False,False,40,9,0,0.00, 0.00, 0:00.00, 100,
651,True,False,True,False,False,True,True,True,60,9,0,0.00, 0.00, 0:00.00, 100,
652,True,False,False,True,False,False,False,False,20,1,0,0.00, 0.00, 0:00.00, 100,
653,False,False,False,True,False,True,True,True,20,1,0,0.00, 0.00, 0:00.00, 100,
654,False,False,True,False,True,True,True,True,40,9,0,0.00, 0.00, 0:00.00, 100,
655,False,False,False,True,False,True,False,True,40,5,0,0.00, 0.00, 0:00.00, 100,
656,False,False,True,True,True,False,True,True,20,9,0,0.00, 0.00, 0:00.00, 100,
657,False,False,False,True,False,True,False,True,40,9,0,0.00, 0.00, 0:00.00, 100,
658,False,False,False,True,False,True,True,True,20,5,0,0.00, 0.00, 0:00.00, 100,
659,False,False,True,False,False,False,False,False,40,1,0,0.00, 0.00, 0:00.00, 100,
660,False,False,False,True,False,True,True,True,20,9,0,0.00, 0.00, 0:00.00, 100,
66,False,False,True,True,True,True,True,False,20,5,0,0.00, 0.00, 0:00.00, 100,
661,False,False,False,True,True,False,True,False,60,5,0,0.00, 0.00, 0:00.00, 100,
662,False,False,True,True,True,False,False,True,40,5,0,0.00, 0.00, 0:00.00, 100,
663,False,False,True,True,True,False,True,True,20,1,0,0.00, 0.00, 0:00.00, 100,
664,False,False,True,False,False,False,False,False,40,5,0,0.00, 0.00, 0:00.00, 100,
665,True,False,True,False,True,True,False,False,20,1,0,0.00, 0.00, 0:00.00, 100,
666,False,False,True,False,False,False,True,False,20,1,0,0.00, 0.00, 0:00.00, 100,
667,True,False,False,True,False,False,True,True,20,9,0,0.00, 0.00, 0:00.00, 100,
668,False,False,True,True,True,False,True,True,20,5,0,0.00, 0.00, 0:00.00, 100,
669,False,False,False,True,True,False,True,False,60,1,0,0.00, 0.00, 0:00.00, 100,
670,False,False,True,True,True,False,False,True,40,9,0,0.00, 0.00, 0:00.00, 100,
67,False,False,True,False,False,True,True,True,20,9,0,0.00, 0.00, 0:00.00, 100,
671,False,False,True,False,False,False,True,False,20,5,0,0.00, 0.00, 0:00.00, 100,
672,False,False,True,False,False,False,False,False,40,9,0,0.00, 0.00, 0:00.00, 100,
673,True,False,False,True,False,False,True,True,20,5,0,0.00, 0.00, 0:00.00, 100,
674,True,False,False,True,False,False,False,True,40,9,0,0.00, 0.00, 0:00.00, 100,
675,False,False,True,False,False,False,True,False,20,9,0,0.00, 0.00, 0:00.00, 100,
676,True,False,False,True,False,True,True,False,20,1,0,0.00, 0.00, 0:00.00, 100,
677,True,False,False,True,False,False,False,True,40,5,0,0.00, 0.00, 0:00.00, 100,
678,True,False,False,True,False,False,True,True,20,1,0,0.00, 0.00, 0:00.00, 100,
679,False,False,True,True,True,False,False,True,40,1,0,0.00, 0.00, 0:00.00, 100,
680,False,False,False,True,True,False,True,False,60,9,0,0.00, 0.00, 0:00.00, 100,
68,False,False,True,False,False,True,False,True,40,5,0,0.00, 0.00, 0:00.00, 100,
681,True,False,True,False,False,True,False,False,60,1,0,0.00, 0.00, 0:00.00, 100,
682,True,False,True,True,True,True,True,True,20,9,0,0.00, 0.00, 0:00.00, 100,
683,True,False,True,False,False,True,True,False,40,9,0,0.00, 0.00, 0:00.00, 100,
684,True,False,True,True,True,True,False,True,40,9,0,0.00, 0.00, 0:00.00, 100,
685,True,False,True,True,True,True,True,True,20,5,0,0.00, 0.00, 0:00.00, 100,
686,True,False,True,True,True,True,False,True,40,5,0,0.00, 0.00, 0:00.00, 100,
687,False,False,True,True,True,True,False,True,60,1,0,0.00, 0.00, 0:00.00, 100,
688,True,False,True,False,False,True,True,False,40,1,0,0.00, 0.00, 0:00.00, 100,
689,True,False,True,True,True,True,True,True,20,1,0,0.00, 0.00, 0:00.00, 100,
690,True,False,True,False,False,True,False,False,60,5,0,0.00, 0.00, 0:00.00, 100,
69,True,False,False,True,False,True,True,False,40,9,0,0.00, 0.00, 0:00.00, 100,
691,True,False,True,False,False,True,True,False,40,5,0,0.00, 0.00, 0:00.00, 100,
692,True,False,True,True,True,True,False,True,40,1,0,0.00, 0.00, 0:00.00, 100,
693,True,False,True,False,False,True,False,False,60,9,0,0.00, 0.00, 0:00.00, 100,
694,False,False,True,False,True,True,False,False,20,5,0,0.00, 0.00, 0:00.00, 100,
695,True,False,False,False,True,True,False,False,40,1,0,0.00, 0.00, 0:00.00, 100,
696,True,False,False,False,False,False,True,False,20,9,0,0.00, 0.00, 0:00.00, 100,
697,False,False,False,True,False,True,True,False,20,5,0,0.00, 0.00, 0:00.00, 100,
698,True,False,False,True,False,False,True,True,60,9,0,0.00, 0.00, 0:00.00, 100,
699,True,False,False,False,True,True,False,False,40,5,0,0.00, 0.00, 0:00.00, 100,
700,False,False,True,False,True,True,False,False,20,9,0,0.00, 0.00, 0:00.00, 100,
70,False,False,True,False,False,True,True,True,20,1,0,0.00, 0.00, 0:00.00, 100,
7,False,False,False,True,False,False,True,False,60,1,0,0.00, 0.00, 0:00.00, 100,
701,True,False,True,True,False,True,False,True,20,9,0,0.00, 0.00, 0:00.00, 100,
702,False,False,False,True,False,True,True,False,20,9,0,0.00, 0.00, 0:00.00, 100,
703,True,False,False,False,True,True,False,False,40,9,0,0.00, 0.00, 0:00.00, 100,
704,True,False,True,False,False,True,True,True,40,5,0,0.00, 0.00, 0:00.00, 100,
705,True,False,True,False,False,True,True,True,40,9,0,0.00, 0.00, 0:00.00, 100,
706,False,False,True,False,False,True,False,False,40,9,0,0.00, 0.00, 0:00.00, 100,
707,False,False,False,True,True,False,True,True,60,1,0,0.00, 0.00, 0:00.00, 100,
708,False,False,True,False,False,True,False,False,40,1,0,0.00, 0.00, 0:00.00, 100,
709,False,False,False,True,True,False,False,False,20,1,0,0.00, 0.00, 0:00.00, 100,
710,True,False,True,False,True,False,False,True,60,5,0,0.00, 0.00, 0:00.00, 100,
71,True,False,False,True,True,False,True,False,40,1,0,0.00, 0.00, 0:00.00, 100,
711,True,False,True,True,False,True,False,True,20,5,0,0.00, 0.00, 0:00.00, 100,
712,False,False,True,False,False,True,False,False,40,5,0,0.00, 0.00, 0:00.00, 100,
713,True,False,True,True,False,True,False,True,20,1,0,0.00, 0.00, 0:00.00, 100,
714,False,False,False,True,True,False,True,True,40,5,0,0.00, 0.00, 0:00.00, 100,
715,False,False,False,True,True,False,True,True,40,1,0,0.00, 0.00, 0:00.00, 100,
716,True,False,True,False,True,True,True,True,20,1,0,0.00, 0.00, 0:00.00, 100,
717,True,False,True,False,True,True,True,True,20,5,0,0.00, 0.00, 0:00.00, 100,
718,False,False,False,True,True,False,True,True,40,9,0,0.00, 0.00, 0:00.00, 100,
719,True,False,True,False,False,True,True,True,60,1,0,0.00, 0.00, 0:00.00, 100,
720,True,False,True,True,True,True,False,True,20,9,0,0.00, 0.00, 0:00.00, 100,
72,True,False,False,True,True,False,False,False,60,5,0,0.00, 0.00, 0:00.00, 100,
721,True,False,True,False,True,True,False,False,20,5,0,0.00, 0.00, 0:00.00, 100,
722,True,False,True,False,True,True,True,True,20,9,0,0.00, 0.00, 0:00.00, 100,
723,True,False,False,False,False,True,False,False,60,1,0,0.00, 0.00, 0:00.00, 100,
724,True,False,True,False,False,True,True,True,60,5,0,0.00, 0.00, 0:00.00, 100,
725,True,False,True,True,True,True,False,True,20,5,0,0.00, 0.00, 0:00.00, 100,
726,True,False,False,False,False,False,True,False,40,1,0,0.00, 0.00, 0:00.00, 100,
727,False,False,False,True,False,True,True,False,40,1,0,0.00, 0.00, 0:00.00, 100,
728,True,False,True,True,True,True,False,True,20,1,0,0.00, 0.00, 0:00.00, 100,
729,True,False,False,False,False,False,True,False,40,5,0,0.00, 0.00, 0:00.00, 100,
730,True,False,False,False,False,True,False,False,60,9,0,0.00, 0.00, 0:00.00, 100,
73,False,False,True,False,False,True,False,True,40,9,0,0.00, 0.00, 0:00.00, 100,
731,False,False,False,True,False,True,True,False,40,5,0,0.00, 0.00, 0:00.00, 100,
732,False,False,False,True,True,False,False,False,40,9,0,0.00, 0.00, 0:00.00, 100,
733,False,False,True,False,True,True,False,False,40,1,0,0.00, 0.00, 0:00.00, 100,
734,True,False,False,False,False,True,False,False,60,5,0,0.00, 0.00, 0:00.00, 100,
735,True,False,False,False,False,False,True,False,40,9,0,0.00, 0.00, 0:00.00, 100,
736,False,False,True,False,False,False,False,True,60,9,0,0.00, 0.00, 0:00.00, 100,
737,True,False,False,False,True,True,False,False,60,5,0,0.00, 0.00, 0:00.00, 100,
738,False,False,True,False,False,False,False,True,60,5,0,0.00, 0.00, 0:00.00, 100,
739,True,False,False,False,True,True,False,False,60,9,0,0.00, 0.00, 0:00.00, 100,
740,True,False,True,False,False,True,True,True,20,5,0,0.00, 0.00, 0:00.00, 100,
74,False,False,True,False,False,True,True,True,20,5,0,0.00, 0.00, 0:00.00, 100,
741,True,False,True,False,False,True,True,True,20,9,0,0.00, 0.00, 0:00.00, 100,
742,False,False,True,False,True,False,False,True,40,9,0,0.00, 0.00, 0:00.00, 100,
743,True,False,False,True,False,True,True,False,20,5,0,0.00, 0.00, 0:00.00, 100,
744,False,False,True,False,False,True,False,False,20,5,0,0.00, 0.00, 0:00.00, 100,
745,False,False,False,True,True,True,True,False,20,5,0,0.00, 0.00, 0:00.00, 100,
746,True,False,False,False,True,False,True,False,20,9,0,0.00, 0.00, 0:00.00, 100,
747,False,False,False,True,True,True,True,False,20,9,0,0.00, 0.00, 0:00.00, 100,
748,False,False,True,False,False,True,False,False,20,9,0,0.00, 0.00, 0:00.00, 100,
749,False,False,True,False,False,False,False,True,60,1,0,0.00, 0.00, 0:00.00, 100,
750,True,False,False,False,True,False,True,False,20,1,0,0.00, 0.00, 0:00.00, 100,
75,True,False,False,True,True,False,False,False,60,1,0,0.00, 0.00, 0:00.00, 100,
751,False,False,True,False,False,True,False,False,20,1,0,0.00, 0.00, 0:00.00, 100,
752,False,False,False,True,True,True,True,False,20,1,0,0.00, 0.00, 0:00.00, 100,
753,True,False,False,False,True,False,True,False,20,5,0,0.00, 0.00, 0:00.00, 100,
754,True,False,False,True,False,False,True,True,60,5,0,0.00, 0.00, 0:00.00, 100,
755,True,False,False,False,True,True,False,False,60,1,0,0.00, 0.00, 0:00.00, 100,
756,False,False,False,True,True,False,True,True,60,9,0,0.00, 0.00, 0:00.00, 100,
757,False,False,False,True,True,False,True,True,60,5,0,0.00, 0.00, 0:00.00, 100,
758,True,False,True,False,True,True,True,True,40,1,0,0.00, 0.00, 0:00.00, 100,
759,True,False,True,False,True,True,True,True,40,5,0,0.00, 0.00, 0:00.00, 100,
760,True,False,True,False,True,True,True,True,40,9,0,0.00, 0.00, 0:00.00, 100,
76,True,False,True,True,True,False,True,True,60,9,0,0.00, 0.00, 0:00.00, 100,
761,False,False,True,False,True,False,False,True,60,9,0,0.00, 0.00, 0:00.00, 100,
762,True,False,False,False,False,True,False,False,40,1,0,0.00, 0.00, 0:00.00, 100,
763,False,False,False,True,False,False,True,True,60,9,0,0.00, 0.00, 0:00.00, 100,
764,False,False,True,False,True,False,False,True,60,5,0,0.00, 0.00, 0:00.00, 100,
765,True,False,True,False,True,False,False,True,60,1,0,0.00, 0.00, 0:00.00, 100,
766,False,False,False,True,False,False,True,True,60,5,0,0.00, 0.00, 0:00.00, 100,
767,True,False,True,False,False,True,True,True,40,1,0,0.00, 0.00, 0:00.00, 100,
768,False,False,True,False,True,False,False,True,60,1,0,0.00, 0.00, 0:00.00, 100,
769,True,False,False,False,False,True,False,False,40,9,0,0.00, 0.00, 0:00.00, 100,
770,True,False,False,False,False,False,True,False,20,1,0,0.00, 0.00, 0:00.00, 100,
77,True,False,False,True,True,False,True,False,40,9,0,0.00, 0.00, 0:00.00, 100,
771,False,False,False,True,False,False,True,True,60,1,0,0.00, 0.00, 0:00.00, 100,
772,False,False,True,False,True,True,False,False,20,1,0,0.00, 0.00, 0:00.00, 100,
773,True,False,False,False,False,False,True,False,20,5,0,0.00, 0.00, 0:00.00, 100,
774,True,False,False,False,False,True,False,False,40,5,0,0.00, 0.00, 0:00.00, 100,
775,False,False,False,True,False,True,True,False,20,1,0,0.00, 0.00, 0:00.00, 100,
776,True,False,True,False,True,True,False,False,20,9,0,0.00, 0.00, 0:00.00, 100,
777,True,False,True,True,True,False,True,False,40,1,0,0.00, 0.00, 0:00.00, 100,
778,False,False,True,False,True,True,False,False,60,9,0,0.00, 0.00, 0:00.00, 100,
779,False,False,False,True,False,True,True,False,60,9,0,0.00, 0.00, 0:00.00, 100,
780,False,False,True,False,False,False,False,True,40,9,0,0.00, 0.00, 0:00.00, 100,
78,True,False,False,True,True,False,True,False,40,5,0,0.00, 0.00, 0:00.00, 100,
781,False,False,True,True,False,False,False,False,20,9,0,0.00, 0.00, 0:00.00, 100,
782,False,False,True,False,False,False,False,True,40,5,0,0.00, 0.00, 0:00.00, 100,
783,True,False,True,True,True,False,True,False,40,9,0,0.00, 0.00, 0:00.00, 100,
784,False,False,True,True,False,False,False,False,20,5,0,0.00, 0.00, 0:00.00, 100,
785,False,False,False,True,True,True,False,True,40,9,0,0.00, 0.00, 0:00.00, 100,
786,False,False,True,True,False,False,False,False,20,1,0,0.00, 0.00, 0:00.00, 100,
787,False,False,False,True,False,False,False,False,40,5,0,0.00, 0.00, 0:00.00, 100,
788,True,False,True,True,True,False,True,False,40,5,0,0.00, 0.00, 0:00.00, 100,
789,False,False,False,True,True,True,False,True,40,5,0,0.00, 0.00, 0:00.00, 100,
790,True,False,False,False,True,False,False,True,40,9,0,0.00, 0.00, 0:00.00, 100,
79,True,False,True,True,True,False,True,False,20,9,0,0.00, 0.00, 0:00.00, 100,
791,False,False,False,True,True,True,False,True,40,1,0,0.00, 0.00, 0:00.00, 100,
792,True,False,True,True,False,True,False,True,60,1,0,0.00, 0.00, 0:00.00, 100,
793,True,False,False,False,True,False,False,True,40,5,0,0.00, 0.00, 0:00.00, 100,
794,True,False,False,False,True,False,False,True,40,1,0,0.00, 0.00, 0:00.00, 100,
795,False,False,True,False,False,False,False,True,40,1,0,0.00, 0.00, 0:00.00, 100,
796,True,False,True,True,False,True,False,True,60,9,0,0.00, 0.00, 0:00.00, 100,
797,True,False,True,True,False,False,True,True,20,9,0,0.00, 0.00, 0:00.00, 100,
798,True,False,False,True,False,True,True,False,20,9,0,0.00, 0.00, 0:00.00, 100,
799,True,False,True,True,False,True,False,True,60,5,0,0.00, 0.00, 0:00.00, 100,
800,True,False,True,True,True,True,False,False,60,9,0,0.00, 0.00, 0:00.00, 100,
80,False,False,False,False,False,False,True,False,20,1,0,0.00, 0.00, 0:00.00, 100,
8,False,False,True,False,True,False,False,False,60,1,0,0.00, 0.00, 0:00.00, 100,
801,True,False,True,True,False,False,True,True,40,5,0,0.00, 0.00, 0:00.00, 100,
802,True,False,True,True,True,True,False,False,60,5,0,0.00, 0.00, 0:00.00, 100,
803,True,False,True,True,False,False,True,True,40,1,0,0.00, 0.00, 0:00.00, 100,
804,True,False,True,False,True,True,True,True,60,1,0,0.00, 0.00, 0:00.00, 100,
805,True,False,False,True,True,False,False,False,40,1,0,0.00, 0.00, 0:00.00, 100,
806,True,False,True,True,True,True,False,False,60,1,0,0.00, 0.00, 0:00.00, 100,
807,True,False,True,False,True,True,True,True,60,5,0,0.00, 0.00, 0:00.00, 100,
808,True,False,True,False,True,True,True,True,60,9,0,0.00, 0.00, 0:00.00, 100,
809,True,False,False,False,False,True,True,True,60,9,0,0.00, 0.00, 0:00.00, 100,
810,True,False,False,True,True,False,False,False,40,9,0,0.00, 0.00, 0:00.00, 100,
81,True,False,False,True,True,False,False,False,60,9,0,0.00, 0.00, 0:00.00, 100,
811,True,False,False,True,True,False,False,False,40,5,0,0.00, 0.00, 0:00.00, 100,
812,True,False,True,False,False,True,True,True,20,1,0,0.00, 0.00, 0:00.00, 100,
813,False,False,True,False,True,False,True,False,20,9,0,0.00, 0.00, 0:00.00, 100,
814,False,False,True,False,True,False,True,False,20,5,0,0.00, 0.00, 0:00.00, 100,
815,False,False,True,False,True,False,True,False,20,1,0,0.00, 0.00, 0:00.00, 100,
816,False,False,True,False,False,False,False,True,20,5,0,0.00, 0.00, 0:00.00, 100,
817,False,False,False,True,False,True,True,False,40,9,0,0.00, 0.00, 0:00.00, 100,
818,True,False,True,True,True,False,True,False,60,1,0,0.00, 0.00, 0:00.00, 100,
819,True,False,False,False,True,True,False,False,20,1,0,0.00, 0.00, 0:00.00, 100,
820,True,False,False,True,False,False,True,True,40,9,0,0.00, 0.00, 0:00.00, 100,
82,True,False,True,True,True,False,True,True,60,1,0,0.00, 0.00, 0:00.00, 100,
821,False,False,False,True,False,False,False,False,40,1,0,0.00, 0.00, 0:00.00, 100,
822,False,False,True,False,True,True,False,False,40,5,0,0.00, 0.00, 0:00.00, 100,
823,False,False,True,False,False,False,False,True,20,1,0,0.00, 0.00, 0:00.00, 100,
824,True,False,True,True,False,True,False,True,40,9,0,0.00, 0.00, 0:00.00, 100,
825,True,False,False,False,True,True,False,False,20,5,0,0.00, 0.00, 0:00.00, 100,
826,False,False,True,False,True,True,False,False,40,9,0,0.00, 0.00, 0:00.00, 100,
827,False,False,False,True,True,True,False,True,60,9,0,0.00, 0.00, 0:00.00, 100,
828,True,False,False,False,True,True,False,False,20,9,0,0.00, 0.00, 0:00.00, 100,
829,True,False,True,True,True,False,True,False,60,9,0,0.00, 0.00, 0:00.00, 100,
830,False,False,False,True,True,True,False,True,60,5,0,0.00, 0.00, 0:00.00, 100,
83,True,False,True,True,True,False,True,True,60,5,0,0.00, 0.00, 0:00.00, 100,
831,False,False,True,False,False,False,False,True,20,9,0,0.00, 0.00, 0:00.00, 100,
832,False,False,False,False,True,True,False,False,40,1,0,0.00, 0.00, 0:00.00, 100,
833,True,False,False,False,True,False,False,True,60,9,0,0.00, 0.00, 0:00.00, 100,
834,True,False,True,True,True,False,True,False,60,5,0,0.00, 0.00, 0:00.00, 100,
835,False,False,False,True,True,True,False,True,60,1,0,0.00, 0.00, 0:00.00, 100,
836,True,False,False,False,True,False,False,True,60,5,0,0.00, 0.00, 0:00.00, 100,
837,True,False,False,False,True,False,False,True,60,1,0,0.00, 0.00, 0:00.00, 100,
838,True,False,True,True,False,True,False,True,40,5,0,0.00, 0.00, 0:00.00, 100,
839,True,False,True,True,False,True,False,True,40,1,0,0.00, 0.00, 0:00.00, 100,
840,True,False,True,True,False,False,True,True,20,5,0,0.00, 0.00, 0:00.00, 100,
84,False,False,True,True,True,True,False,False,20,1,0,0.00, 0.00, 0:00.00, 100,
841,False,False,False,True,True,False,True,True,20,5,0,0.00, 0.00, 0:00.00, 100,
842,False,False,True,False,True,False,True,False,40,1,0,0.00, 0.00, 0:00.00, 100,
843,False,False,True,True,False,True,False,True,60,9,0,0.00, 0.00, 0:00.00, 100,
844,True,False,True,True,False,False,True,True,20,1,0,0.00, 0.00, 0:00.00, 100,
845,False,False,False,True,True,False,True,True,20,1,0,0.00, 0.00, 0:00.00, 100,
846,True,False,False,True,True,False,False,False,20,1,0,0.00, 0.00, 0:00.00, 100,
847,False,False,False,True,True,False,True,True,20,9,0,0.00, 0.00, 0:00.00, 100,
848,True,False,False,True,True,False,False,False,20,9,0,0.00, 0.00, 0:00.00, 100,
849,True,False,False,False,False,False,True,False,60,1,0,0.00, 0.00, 0:00.00, 100,
850,True,False,False,True,True,False,False,False,20,5,0,0.00, 0.00, 0:00.00, 100,
85,False,False,False,True,False,False,True,True,20,9,0,0.00, 0.00, 0:00.00, 100,
851,False,False,True,False,True,True,False,False,60,1,0,0.00, 0.00, 0:00.00, 100,
852,True,False,False,False,False,False,True,False,60,5,0,0.00, 0.00, 0:00.00, 100,
853,False,False,True,False,True,False,True,False,40,9,0,0.00, 0.00, 0:00.00, 100,
854,True,False,False,True,True,True,False,True,20,9,0,0.00, 0.00, 0:00.00, 100,
855,False,False,False,True,False,True,True,False,60,1,0,0.00, 0.00, 0:00.00, 100,
856,False,False,True,False,True,True,False,False,60,5,0,0.00, 0.00, 0:00.00, 100,
857,True,False,False,False,False,False,True,False,60,9,0,0.00, 0.00, 0:00.00, 100,
858,False,False,True,False,True,False,True,False,40,5,0,0.00, 0.00, 0:00.00, 100,
859,False,False,False,True,False,True,True,False,60,5,0,0.00, 0.00, 0:00.00, 100,
860,False,False,False,False,False,True,True,True,40,1,0,0.00, 0.00, 0:00.00, 100,
86,True,False,True,False,False,False,False,False,40,1,0,0.00, 0.00, 0:00.00, 100,
861,True,False,False,False,False,False,False,True,20,1,0,0.00, 0.00, 0:00.00, 100,
862,False,False,False,False,False,True,True,True,40,5,0,0.00, 0.00, 0:00.00, 100,
863,True,False,False,False,False,False,False,True,20,5,0,0.00, 0.00, 0:00.00, 100,
864,False,False,True,True,False,False,False,False,60,9,0,0.00, 0.00, 0:00.00, 100,
865,False,False,False,False,True,True,False,False,40,5,0,0.00, 0.00, 0:00.00, 100,
866,True,False,False,False,False,False,False,True,20,9,0,0.00, 0.00, 0:00.00, 100,
867,False,False,True,True,False,False,False,False,60,5,0,0.00, 0.00, 0:00.00, 100,
868,False,False,True,True,False,False,False,False,60,1,0,0.00, 0.00, 0:00.00, 100,
869,True,False,True,True,False,True,False,False,40,5,0,0.00, 0.00, 0:00.00, 100,
870,True,False,True,True,False,True,True,False,20,1,0,0.00, 0.00, 0:00.00, 100,
87,False,False,False,True,True,True,False,False,60,9,0,0.00, 0.00, 0:00.00, 100,
871,True,False,True,True,False,True,False,False,40,9,0,0.00, 0.00, 0:00.00, 100,
872,True,False,True,True,False,True,True,False,20,5,0,0.00, 0.00, 0:00.00, 100,
873,False,False,False,False,True,True,True,True,20,1,0,0.00, 0.00, 0:00.00, 100,
874,False,False,False,False,True,True,True,True,20,5,0,0.00, 0.00, 0:00.00, 100,
875,True,False,True,True,False,True,True,False,20,9,0,0.00, 0.00, 0:00.00, 100,
876,False,False,False,False,True,False,True,False,20,9,0,0.00, 0.00, 0:00.00, 100,
877,False,False,False,False,True,True,True,True,20,9,0,0.00, 0.00, 0:00.00, 100,
878,True,False,False,False,False,True,False,True,20,5,0,0.00, 0.00, 0:00.00, 100,
879,True,False,False,False,False,True,False,True,20,9,0,0.00, 0.00, 0:00.00, 100,
880,True,False,True,True,False,True,False,False,60,1,0,0.00, 0.00, 0:00.00, 100,
88,False,False,True,False,False,True,True,False,60,9,0,0.00, 0.00, 0:00.00, 100,
881,True,False,False,False,False,True,False,True,20,1,0,0.00, 0.00, 0:00.00, 100,
882,True,False,True,True,False,True,False,False,60,5,0,0.00, 0.00, 0:00.00, 100,
883,True,False,True,True,False,True,True,False,40,1,0,0.00, 0.00, 0:00.00, 100,
884,False,False,False,False,False,True,True,True,20,9,0,0.00, 0.00, 0:00.00, 100,
885,False,False,False,False,False,True,True,True,60,5,0,0.00, 0.00, 0:00.00, 100,
886,False,False,False,True,True,True,False,True,20,9,0,0.00, 0.00, 0:00.00, 100,
887,True,False,False,False,False,True,True,True,60,1,0,0.00, 0.00, 0:00.00, 100,
888,False,False,True,True,False,False,False,False,40,9,0,0.00, 0.00, 0:00.00, 100,
889,False,False,False,False,False,True,True,True,60,9,0,0.00, 0.00, 0:00.00, 100,
890,False,False,False,True,True,True,False,True,20,5,0,0.00, 0.00, 0:00.00, 100,
89,False,False,False,True,True,True,True,False,40,5,0,0.00, 0.00, 0:00.00, 100,
891,False,False,True,True,False,False,False,False,40,5,0,0.00, 0.00, 0:00.00, 100,
892,False,False,False,True,True,True,False,True,20,1,0,0.00, 0.00, 0:00.00, 100,
893,False,False,True,True,False,False,False,False,40,1,0,0.00, 0.00, 0:00.00, 100,
894,False,False,False,False,False,True,True,True,60,1,0,0.00, 0.00, 0:00.00, 100,
895,False,False,False,False,True,True,True,True,40,1,0,0.00, 0.00, 0:00.00, 100,
896,True,False,True,True,False,True,False,False,20,5,0,0.00, 0.00, 0:00.00, 100,
897,False,False,False,False,True,True,True,True,40,5,0,0.00, 0.00, 0:00.00, 100,
898,False,False,False,False,True,True,False,False,40,9,0,0.00, 0.00, 0:00.00, 100,
899,True,False,True,True,False,True,False,False,20,9,0,0.00, 0.00, 0:00.00, 100,
900,False,False,False,False,True,True,True,True,40,9,0,0.00, 0.00, 0:00.00, 100,
90,False,False,False,True,True,True,True,False,40,9,0,0.00, 0.00, 0:00.00, 100,
9,True,False,False,True,True,False,False,True,60,1,0,0.00, 0.00, 0:00.00, 100,
901,False,False,False,False,False,False,False,False,20,1,0,0.00, 0.00, 0:00.00, 100,
902,True,False,True,True,False,False,True,True,40,9,0,0.00, 0.00, 0:00.00, 100,
903,True,False,True,True,False,False,True,True,60,9,0,0.00, 0.00, 0:00.00, 100,
904,False,False,False,False,False,False,False,False,20,5,0,0.00, 0.00, 0:00.00, 100,
905,True,False,True,True,False,False,True,True,60,5,0,0.00, 0.00, 0:00.00, 100,
906,False,False,False,False,False,False,False,False,20,9,0,0.00, 0.00, 0:00.00, 100,
907,True,False,True,True,False,False,True,True,60,1,0,0.00, 0.00, 0:00.00, 100,
908,True,False,True,True,False,False,True,False,20,9,0,0.00, 0.00, 0:00.00, 100,
909,True,False,False,True,True,True,False,True,20,5,0,0.00, 0.00, 0:00.00, 100,
910,True,False,True,True,False,False,True,False,20,5,0,0.00, 0.00, 0:00.00, 100,
91,True,False,True,False,True,True,False,False,40,9,0,0.00, 0.00, 0:00.00, 100,
911,True,False,True,True,False,True,False,False,40,1,0,0.00, 0.00, 0:00.00, 100,
912,True,False,True,True,False,False,True,False,20,1,0,0.00, 0.00, 0:00.00, 100,
913,False,False,False,False,False,True,True,True,40,9,0,0.00, 0.00, 0:00.00, 100,
914,True,False,False,False,False,False,True,True,40,1,0,0.00, 0.00, 0:00.00, 100,
915,True,False,False,False,False,False,False,True,60,5,0,0.00, 0.00, 0:00.00, 100,
916,True,False,False,False,False,False,False,True,60,9,0,0.00, 0.00, 0:00.00, 100,
917,True,False,False,False,False,False,True,True,40,5,0,0.00, 0.00, 0:00.00, 100,
918,True,False,False,False,False,False,True,True,40,9,0,0.00, 0.00, 0:00.00, 100,
919,False,False,True,False,True,True,False,True,40,5,0,0.00, 0.00, 0:00.00, 100,
920,True,False,False,False,False,True,True,True,60,5,0,0.00, 0.00, 0:00.00, 100,
92,False,False,True,False,False,True,False,True,60,1,0,0.00, 0.00, 0:00.00, 100,
921,False,False,True,False,True,False,False,True,20,9,0,0.00, 0.00, 0:00.00, 100,
922,False,False,True,False,True,True,False,True,40,1,0,0.00, 0.00, 0:00.00, 100,
923,False,False,False,False,True,True,True,True,60,1,0,0.00, 0.00, 0:00.00, 100,
924,True,False,False,False,True,False,True,False,40,9,0,0.00, 0.00, 0:00.00, 100,
925,True,False,True,True,False,True,True,False,60,5,0,0.00, 0.00, 0:00.00, 100,
926,False,False,True,False,True,True,False,True,40,9,0,0.00, 0.00, 0:00.00, 100,
927,False,False,False,False,True,True,True,True,60,5,0,0.00, 0.00, 0:00.00, 100,
928,True,False,True,True,False,True,True,False,60,9,0,0.00, 0.00, 0:00.00, 100,
929,False,False,False,False,True,True,True,True,60,9,0,0.00, 0.00, 0:00.00, 100,
930,True,False,False,False,True,False,True,False,40,1,0,0.00, 0.00, 0:00.00, 100,
93,False,False,True,True,True,True,False,False,20,9,0,0.00, 0.00, 0:00.00, 100,
931,False,False,True,True,True,True,False,True,40,5,0,0.00, 0.00, 0:00.00, 100,
932,True,False,False,True,True,True,False,True,20,1,0,0.00, 0.00, 0:00.00, 100,
933,True,False,False,False,True,False,False,False,60,5,0,0.00, 0.00, 0:00.00, 100,
934,True,False,False,False,True,False,False,False,60,9,0,0.00, 0.00, 0:00.00, 100,
935,True,False,False,False,True,False,True,False,40,5,0,0.00, 0.00, 0:00.00, 100,
936,False,False,True,True,False,True,True,True,60,9,0,0.00, 0.00, 0:00.00, 100,
937,True,False,False,False,False,True,False,True,60,9,0,0.00, 0.00, 0:00.00, 100,
938,False,False,True,True,False,True,True,True,60,5,0,0.00, 0.00, 0:00.00, 100,
939,True,False,False,False,True,False,True,False,60,1,0,0.00, 0.00, 0:00.00, 100,
940,True,False,False,False,False,True,False,False,20,9,0,0.00, 0.00, 0:00.00, 100,
94,False,False,False,True,True,True,False,False,60,1,0,0.00, 0.00, 0:00.00, 100,
941,True,False,False,False,False,True,False,True,60,1,0,0.00, 0.00, 0:00.00, 100,
942,True,False,True,True,False,False,True,False,40,9,0,0.00, 0.00, 0:00.00, 100,
943,True,False,False,False,True,True,True,True,60,5,0,0.00, 0.00, 0:00.00, 100,
944,True,False,False,False,False,True,False,True,60,5,0,0.00, 0.00, 0:00.00, 100,
945,True,False,True,True,False,False,True,False,40,5,0,0.00, 0.00, 0:00.00, 100,
946,True,False,True,True,False,False,True,False,40,1,0,0.00, 0.00, 0:00.00, 100,
947,False,False,True,False,True,False,False,True,40,5,0,0.00, 0.00, 0:00.00, 100,
948,False,False,True,False,True,False,True,True,20,1,0,0.00, 0.00, 0:00.00, 100,
949,False,False,True,False,True,False,False,True,40,1,0,0.00, 0.00, 0:00.00, 100,
950,False,False,True,True,False,True,True,True,60,1,0,0.00, 0.00, 0:00.00, 100,
95,False,False,True,False,False,True,True,False,60,1,0,0.00, 0.00, 0:00.00, 100,
951,True,False,False,False,False,True,False,False,20,5,0,0.00, 0.00, 0:00.00, 100,
952,True,False,False,False,False,False,False,True,60,1,0,0.00, 0.00, 0:00.00, 100,
953,True,False,False,False,False,True,False,False,20,1,0,0.00, 0.00, 0:00.00, 100,
954,True,False,True,False,False,True,False,False,20,9,0,0.00, 0.00, 0:00.00, 100,
955,False,False,False,False,False,True,True,True,20,1,0,0.00, 0.00, 0:00.00, 100,
956,True,False,False,False,False,False,False,True,40,1,0,0.00, 0.00, 0:00.00, 100,
957,True,False,False,False,False,False,True,True,20,1,0,0.00, 0.00, 0:00.00, 100,
958,False,False,False,False,False,True,True,True,20,5,0,0.00, 0.00, 0:00.00, 100,
959,True,False,False,False,False,False,False,True,40,5,0,0.00, 0.00, 0:00.00, 100,
960,True,False,False,False,False,False,True,True,20,5,0,0.00, 0.00, 0:00.00, 100,
96,False,False,True,True,True,True,False,False,20,5,0,0.00, 0.00, 0:00.00, 100,
961,True,False,False,False,False,False,False,True,40,9,0,0.00, 0.00, 0:00.00, 100,
962,False,False,True,False,True,True,False,True,20,5,0,0.00, 0.00, 0:00.00, 100,
963,True,False,False,False,False,False,True,True,20,9,0,0.00, 0.00, 0:00.00, 100,
964,False,False,True,False,True,True,False,True,20,1,0,0.00, 0.00, 0:00.00, 100,
965,False,False,False,False,True,False,True,False,20,1,0,0.00, 0.00, 0:00.00, 100,
966,True,False,True,True,False,True,False,False,60,9,0,0.00, 0.00, 0:00.00, 100,
967,True,False,True,True,False,True,True,False,40,5,0,0.00, 0.00, 0:00.00, 100,
968,True,False,True,True,False,True,True,False,40,9,0,0.00, 0.00, 0:00.00, 100,
969,False,False,True,False,True,True,False,True,20,9,0,0.00, 0.00, 0:00.00, 100,
970,True,False,False,False,True,False,True,False,60,5,0,0.00, 0.00, 0:00.00, 100,
97,False,False,True,False,False,True,True,False,60,5,0,0.00, 0.00, 0:00.00, 100,
971,True,False,False,False,True,False,True,False,60,9,0,0.00, 0.00, 0:00.00, 100,
972,True,False,False,False,False,True,False,True,40,9,0,0.00, 0.00, 0:00.00, 100,
973,False,False,False,False,True,True,True,False,60,1,0,0.00, 0.00, 0:00.00, 100,
974,False,False,False,False,True,True,True,False,60,5,0,0.00, 0.00, 0:00.00, 100,
975,True,False,False,False,False,True,False,True,40,1,0,0.00, 0.00, 0:00.00, 100,
976,True,False,True,False,False,False,False,True,60,1,0,0.00, 0.00, 0:00.00, 100,
977,False,False,False,False,True,True,True,False,60,9,0,0.00, 0.00, 0:00.00, 100,
978,True,False,True,True,False,False,True,False,60,9,0,0.00, 0.00, 0:00.00, 100,
979,True,False,False,False,False,True,False,True,40,5,0,0.00, 0.00, 0:00.00, 100,
980,True,False,True,True,False,True,True,False,60,1,0,0.00, 0.00, 0:00.00, 50,
98,False,False,False,True,True,True,False,False,60,5,0,0.00, 0.00, 0:00.00, 100,
981,False,False,True,False,True,False,False,True,20,5,0,0.00, 0.00, 0:00.00, 100,
982,True,False,True,True,False,False,True,False,60,5,0,0.00, 0.00, 0:00.00, 100,
983,False,False,True,False,True,False,False,True,20,1,0,0.00, 0.00, 0:00.00, 100,
984,True,False,True,True,False,False,True,False,60,1,0,0.00, 0.00, 0:00.00, 100,
985,False,False,True,True,False,False,False,True,40,5,0,0.00, 0.00, 0:00.00, 100,
986,False,False,False,False,False,True,True,False,60,9,0,0.00, 0.00, 0:00.00, 100,
987,True,False,False,False,True,True,True,True,60,9,0,0.00, 0.00, 0:00.00, 100,
988,False,False,True,True,False,False,False,True,40,9,0,0.00, 0.00, 0:00.00, 100,
989,True,False,False,True,True,False,False,True,40,9,0,0.00, 0.00, 0:00.00, 100,
990,True,False,False,False,True,False,True,True,60,9,0,0.00, 0.00, 0:00.00, 100,
99,False,False,False,True,True,True,True,False,40,1,0,0.00, 0.00, 0:00.00, 100,
991,False,False,False,True,True,True,True,True,60,9,0,0.00, 0.00, 0:00.00, 100,
992,False,False,True,False,True,False,True,True,40,9,0,0.00, 0.00, 0:00.00, 100,
993,False,False,False,True,True,True,True,True,60,5,0,0.00, 0.00, 0:00.00, 100,
994,False,False,True,True,True,True,True,True,20,5,0,0.00, 0.00, 0:00.00, 100,
995,True,False,False,False,True,False,True,True,60,1,0,0.00, 0.00, 0:00.00, 100,
996,False,False,False,True,True,True,False,False,20,5,0,0.00, 0.00, 0:00.00, 100,
997,False,False,True,False,False,True,True,False,20,5,0,0.00, 0.00, 0:00.00, 100,
998,False,False,False,False,True,False,True,False,20,5,0,0.00, 0.00, 0:00.00, 100,
999,True,False,False,False,True,False,False,False,20,9,0,0.00, 0.00, 0:00.00, 100,
1000,False,False,False,True,True,True,True,True,60,1,0,0.00, 0.00, 0:00.00, 100,
100,True,False,False,True,False,True,False,True,20,1,0,0.00, 0.00, 0:00.00, 100,
10,True,False,False,True,True,False,False,True,60,9,0,0.00, 0.00, 0:00.00, 100,
